Date;Time;CO2 (ppm);VOC Index (voc);Humidity (%);Temperature (°C)
"2023-03-01";"00:57";828;128;27.7;23.6
"2023-03-01";"00:47";830;128;27.7;23.6
"2023-03-01";"00:37";832;127;27.7;23.7
"2023-03-01";"00:27";833;128;27.7;23.7
"2023-03-01";"00:18";839;127;27.7;23.7
"2023-03-01";"00:08";842;128;27.7;23.7
"2023-02-28";"23:58";842;129;27.7;23.7
"2023-02-28";"23:48";840;129;27.7;23.7
"2023-02-28";"23:38";848;129;27.7;23.7
"2023-02-28";"23:28";861;130;27.7;23.7
"2023-02-28";"23:19";861;130;27.7;23.7
"2023-02-28";"23:09";872;130;27.8;23.7
"2023-02-28";"22:59";869;131;27.7;23.7
"2023-02-28";"22:49";874;132;27.7;23.7
"2023-02-28";"22:39";876;131;27.8;23.7
"2023-02-28";"22:29";884;129;27.7;23.7
"2023-02-28";"22:20";885;130;27.7;23.7
"2023-02-28";"22:10";880;130;27.7;23.7
"2023-02-28";"22:00";888;131;27.7;23.7
"2023-02-28";"21:50";901;133;27.7;23.7
"2023-02-28";"21:40";898;134;27.7;23.8
"2023-02-28";"21:30";902;133;27.7;23.8
"2023-02-28";"21:21";905;133;27.7;23.7
"2023-02-28";"21:11";913;134;27.7;23.8
"2023-02-28";"21:01";908;134;27.7;23.8
"2023-02-28";"20:51";912;134;27.7;23.8
"2023-02-28";"20:41";919;135;27.7;23.8
"2023-02-28";"20:31";922;136;27.7;23.8
"2023-02-28";"20:22";926;137;27.7;23.8
"2023-02-28";"20:12";931;137;27.7;23.8
"2023-02-28";"20:02";940;137;27.7;23.8
"2023-02-28";"19:52";942;139;27.7;23.8
"2023-02-28";"19:42";947;139;27.7;23.8
"2023-02-28";"19:32";944;139;27.7;23.8
"2023-02-28";"19:23";939;139;27.7;23.8
"2023-02-28";"19:13";939;140;27.7;23.8
"2023-02-28";"19:03";944;141;27.7;23.8
"2023-02-28";"18:53";941;140;27.7;23.8
"2023-02-28";"18:43";944;140;27.6;23.8
"2023-02-28";"18:33";945;141;27.7;23.9
"2023-02-28";"18:24";950;140;27.6;23.9
"2023-02-28";"18:14";953;140;27.5;23.9
"2023-02-28";"18:04";950;140;27.4;24
"2023-02-28";"17:54";955;142;27.5;23.9
"2023-02-28";"17:44";962;142;27.4;24
"2023-02-28";"17:34";958;142;27.4;24
"2023-02-28";"17:25";955;141;27.3;24
"2023-02-28";"17:15";960;143;27.3;24
"2023-02-28";"17:05";969;144;27.3;24
"2023-02-28";"16:55";976;145;27.3;24.1
"2023-02-28";"16:45";979;145;27.2;24
"2023-02-28";"16:34";985;146;27.2;24.1
"2023-02-28";"16:26";986;146;27.1;24.1
"2023-02-28";"16:16";988;146;27.1;24.1
"2023-02-28";"16:06";988;145;27;24.1
"2023-02-28";"15:56";986;143;26.9;24.1
"2023-02-28";"15:46";986;142;26.9;24.1
"2023-02-28";"15:35";984;143;26.9;24.1
"2023-02-28";"15:27";981;144;26.9;24.1
"2023-02-28";"15:17";981;143;26.9;24.1
"2023-02-28";"15:07";975;141;26.8;24.1
"2023-02-28";"14:57";961;138;26.8;24
"2023-02-28";"14:47";964;135;26.6;24.1
"2023-02-28";"14:37";976;133;26.5;24.1
"2023-02-28";"14:28";964;132;26.5;24
"2023-02-28";"14:18";957;127;26.3;24
"2023-02-28";"14:08";958;122;26.2;24
"2023-02-28";"13:58";947;120;26.2;23.8
"2023-02-28";"13:49";1126;64;25;23.5
"2023-02-28";"13:48";1210;52;24.5;23.4
"2023-02-28";"13:44";1276;112;24.8;24.3
"2023-02-28";"13:37";1260;110;26.8;24.4
"2023-02-28";"13:29";1237;105;26.6;24.4
"2023-02-28";"13:19";1142;101;26.4;24.4
"2023-02-28";"13:09";1088;97;26.1;24.4
"2023-02-28";"12:59";1045;93;25.8;24.4
"2023-02-28";"12:49";1012;88;25.6;24.4
"2023-02-28";"12:38";972;82;25.2;24.4
"2023-02-28";"12:33";931;79;25;24.4
"2023-02-28";"12:33";931;79;25;24.4
"2023-02-28";"12:32";931;79;25;24.4
"2023-02-28";"12:31";931;78;25;24.4
"2023-02-28";"12:31";931;78;25;24.4
"2023-02-28";"12:29";921;77;24.9;24.3
"2023-02-28";"12:19";874;70;24.7;24.2
"2023-02-28";"12:09";834;64;24.6;24
"2023-02-28";"11:59";768;57;24.4;23.6
"2023-02-28";"11:49";703;49;24.5;23
"2023-02-28";"11:39";645;40;24.5;22.2
"2023-02-28";"11:32";615;33;25;21
"2023-02-28";"11:30";595;30;25.2;20.5
"2023-02-28";"11:21";375;3;25.1;16.8
"2023-02-28";"11:20";375;3;24.1;15.7
"2023-02-28";"11:18";393;3;24.8;15.1
"2023-02-28";"11:17";383;3;25.1;14.5
"2023-02-28";"11:10";487;4;22.9;17.5
"2023-02-28";"11:00";883;55;25;24.6
"2023-02-28";"11:00";883;55;25;24.7
"2023-02-28";"10:59";875;54;24.9;24.7
"2023-02-28";"10:59";875;54;25;24.7
"2023-02-28";"10:59";863;54;25.1;24.7
"2023-02-28";"10:58";863;53;25;24.6
"2023-02-28";"10:58";863;53;25;24.6
"2023-02-28";"10:49";797;47;24.5;24.6
"2023-02-28";"10:39";753;39;24;24.5
"2023-02-28";"10:30";680;31;23.5;24.3
"2023-02-28";"10:10";538;13;22.5;23.4
"2023-02-28";"10:00";467;6;21.2;22
"2023-02-28";"09:51";794;52;22.8;24.3
"2023-02-28";"09:50";787;51;26.2;24.3
"2023-02-28";"09:40";730;45;25.7;24.3
"2023-02-28";"09:31";698;39;25.1;24.3
"2023-02-28";"09:28";668;36;25.1;24.2
"2023-02-28";"09:28";668;36;25;24.2
"2023-02-28";"09:27";668;36;25;24.2
"2023-02-28";"09:21";619;30;24.5;24
"2023-02-28";"09:11";494;21;23.5;23.8
"2023-02-28";"09:01";480;13;22.2;23.4
"2023-02-28";"08:51";462;7;21.8;22.8
"2023-02-28";"08:40";435;4;21.9;21.6
"2023-02-28";"08:32";417;1;21.5;18.7
"2023-02-28";"08:23";742;57;24.9;24.3
"2023-02-28";"08:22";704;56;26.5;24.3
"2023-02-28";"08:12";643;42;26;23.9
"2023-02-28";"08:01";591;36;25.6;23.4
"2023-02-28";"07:54";561;22;25;22.7
"2023-02-28";"07:54";588;22;25;22.6
"2023-02-28";"07:54";588;21;25;22.6
"2023-02-28";"07:54";588;21;25;22.6
"2023-02-28";"07:53";588;20;25;22.6
"2023-02-28";"07:51";661;13;24.4;22.3
"2023-02-28";"07:48";685;110;24.4;23.7
"2023-02-28";"07:41";685;111;28.1;23.8
"2023-02-28";"07:33";671;111;28.1;23.9
"2023-02-28";"07:23";676;111;28.1;23.8
"2023-02-28";"07:13";685;111;28.1;23.8
"2023-02-28";"07:02";690;111;28.1;23.8
"2023-02-28";"06:52";700;111;28.1;23.8
"2023-02-28";"06:42";702;112;28.1;23.8
"2023-02-28";"06:34";704;113;28.1;23.9
"2023-02-28";"06:24";701;113;28.1;23.8
"2023-02-28";"06:14";700;113;28.1;23.8
"2023-02-28";"06:03";702;113;28.1;23.8
"2023-02-28";"05:53";702;113;28.1;23.8
"2023-02-28";"05:43";705;114;28.1;23.8
"2023-02-28";"05:35";711;114;28.1;23.8
"2023-02-28";"05:25";719;114;28.1;23.8
"2023-02-28";"05:15";723;113;28.1;23.8
"2023-02-28";"05:04";725;114;28.1;23.8
"2023-02-28";"04:54";733;114;28.1;23.8
"2023-02-28";"04:44";731;114;28.1;23.8
"2023-02-28";"04:36";733;115;28.1;23.8
"2023-02-28";"04:26";736;116;28.1;23.8
"2023-02-28";"04:16";732;116;28.1;23.8
"2023-02-28";"04:05";737;116;28.1;23.8
"2023-02-28";"03:55";745;117;28.1;23.8
"2023-02-28";"03:45";750;117;28.1;23.8
"2023-02-28";"03:37";751;117;28.1;23.8
"2023-02-28";"03:27";751;118;28.1;23.8
"2023-02-28";"03:17";757;117;28.1;23.8
"2023-02-28";"03:06";761;117;28.1;23.8
"2023-02-28";"02:56";763;118;28.1;23.8
"2023-02-28";"02:46";771;119;28.1;23.9
"2023-02-28";"02:38";775;120;28.1;23.8
"2023-02-28";"02:28";776;119;28.1;23.8
"2023-02-28";"02:18";775;119;28.1;23.8
"2023-02-28";"02:07";774;119;28;23.8
"2023-02-28";"01:57";780;120;28.1;23.8
"2023-02-28";"01:47";789;120;28.1;23.8
"2023-02-28";"01:39";799;121;28.1;23.8
"2023-02-28";"01:29";796;122;28.1;23.8
"2023-02-28";"01:19";794;122;28;23.8
"2023-02-28";"01:08";798;123;28;23.8
"2023-02-28";"00:58";806;124;28;23.8
"2023-02-28";"00:48";815;123;28.1;23.8
"2023-02-28";"00:40";818;123;28;23.9
"2023-02-28";"00:30";819;124;28;23.9
"2023-02-28";"00:19";826;124;28;23.9
"2023-02-28";"00:09";829;124;28.1;23.9
"2023-02-27";"23:59";825;124;28;23.9
"2023-02-27";"23:49";831;124;28;23.9
"2023-02-27";"23:41";834;126;28;23.9
"2023-02-27";"23:31";836;125;28.1;23.9
"2023-02-27";"23:21";837;126;28.1;23.9
"2023-02-27";"23:10";839;126;28;23.8
"2023-02-27";"23:00";846;126;28;23.9
"2023-02-27";"22:50";854;126;28;23.9
"2023-02-27";"22:42";855;126;28;23.9
"2023-02-27";"22:31";860;127;28;23.9
"2023-02-27";"22:21";864;127;28;23.9
"2023-02-27";"22:11";862;127;28;23.9
"2023-02-27";"22:01";866;128;28;23.9
"2023-02-27";"21:51";870;128;28;24
"2023-02-27";"21:43";868;128;28;24
"2023-02-27";"21:32";878;129;28;23.9
"2023-02-27";"21:22";886;129;28;24
"2023-02-27";"21:12";896;129;28;23.9
"2023-02-27";"21:02";896;129;28;23.9
"2023-02-27";"20:52";888;130;28;23.9
"2023-02-27";"20:44";888;129;28.1;23.9
"2023-02-27";"20:33";906;130;28.1;23.9
"2023-02-27";"20:23";907;130;28.1;23.9
"2023-02-27";"20:13";907;131;28.1;23.9
"2023-02-27";"20:03";900;131;28.1;24
"2023-02-27";"19:53";909;130;28.1;24
"2023-02-27";"19:45";918;131;28.2;24
"2023-02-27";"19:34";920;131;28.2;24
"2023-02-27";"19:24";927;132;28.2;24
"2023-02-27";"19:14";926;132;28.3;24
"2023-02-27";"19:04";927;131;28.5;24
"2023-02-27";"18:54";909;131;28.6;24
"2023-02-27";"18:45";882;125;28.4;24
"2023-02-27";"18:35";872;123;27.7;24
"2023-02-27";"18:25";879;124;27.7;23.9
"2023-02-27";"18:15";885;124;27.7;24
"2023-02-27";"18:05";878;124;27.6;23.9
"2023-02-27";"17:55";885;124;27.6;24
"2023-02-27";"17:46";882;124;27.6;24
"2023-02-27";"17:36";888;123;27.6;24
"2023-02-27";"17:26";884;124;27.6;24
"2023-02-27";"17:16";889;124;27.5;24
"2023-02-27";"17:06";899;125;27.5;24
"2023-02-27";"16:56";900;125;27.5;24
"2023-02-27";"16:47";907;126;27.3;24
"2023-02-27";"16:37";911;126;27.3;24.1
"2023-02-27";"16:27";917;127;27.3;24.1
"2023-02-27";"16:17";924;127;27.3;24.1
"2023-02-27";"16:07";926;128;27.2;24.1
"2023-02-27";"15:57";941;129;27.3;24.1
"2023-02-27";"15:48";942;129;27.3;24.1
"2023-02-27";"15:38";949;130;27.3;24.1
"2023-02-27";"15:28";954;130;27.2;24.2
"2023-02-27";"15:18";968;132;27.2;24.2
"2023-02-27";"15:08";971;132;27.2;24.3
"2023-02-27";"14:58";970;132;27.2;24.3
"2023-02-27";"14:49";944;133;27.3;24.3
"2023-02-27";"14:39";908;126;26.9;24.3
"2023-02-27";"14:29";849;110;26.2;24.2
"2023-02-27";"14:19";831;72;25.4;24
"2023-02-27";"14:16";916;63;25.1;23.9
"2023-02-27";"14:14";953;88;21.9;24.1
"2023-02-27";"14:09";924;87;25.7;24.7
"2023-02-27";"13:59";896;83;25.2;24.8
"2023-02-27";"13:56";885;82;25.2;24.8
"2023-02-27";"13:56";885;82;25;24.8
"2023-02-27";"13:56";885;82;25;24.8
"2023-02-27";"13:55";885;82;25;24.8
"2023-02-27";"13:55";870;81;25.1;24.8
"2023-02-27";"13:55";870;81;25;24.8
"2023-02-27";"13:55";870;81;25;24.8
"2023-02-27";"13:49";818;79;24.8;24.7
"2023-02-27";"13:39";754;74;24;24.6
"2023-02-27";"13:29";672;68;23.4;24.5
"2023-02-27";"13:19";591;62;22.4;24.3
"2023-02-27";"13:09";529;56;21.5;24
"2023-02-27";"12:59";493;51;20.6;23.5
"2023-02-27";"12:50";394;43;19.7;22.5
"2023-02-27";"12:40";383;10;17.3;21.6
"2023-02-27";"12:30";394;7;17.8;22
"2023-02-27";"12:20";428;5;17.8;22.2
"2023-02-27";"12:11";1139;82;24.8;24.2
"2023-02-27";"12:10";1139;106;28.1;24.4
"2023-02-27";"12:00";1075;104;29.6;24.5
"2023-02-27";"11:51";1000;99;29.1;24.4
"2023-02-27";"11:41";950;97;28.3;24.4
"2023-02-27";"11:31";901;93;28;24.4
"2023-02-27";"11:21";882;89;27.6;24.4
"2023-02-27";"11:11";789;85;26.7;24.2
"2023-02-27";"11:01";703;80;26.3;24.1
"2023-02-27";"10:52";678;75;25.9;23.9
"2023-02-27";"10:48";691;53;25.1;23.7
"2023-02-27";"10:45";722;112;24;24.1
"2023-02-27";"10:42";712;114;27.6;24.2
"2023-02-27";"10:32";695;107;27.5;24.1
"2023-02-27";"10:12";667;76;26.6;23.9
"2023-02-27";"10:01";652;69;26.3;23.7
"2023-02-27";"09:52";643;56;25.3;23.6
"2023-02-27";"09:49";637;49;25;23.6
"2023-02-27";"09:42";639;22;23.3;23.4
"2023-02-27";"09:32";542;15;21.6;22.9
"2023-02-27";"09:22";495;9;20.8;22.1
"2023-02-27";"09:12";411;3;20.2;20.7
"2023-02-27";"09:02";397;1;20.1;17.2
"2023-02-27";"08:53";397;1;17.7;19
"2023-02-27";"08:43";406;1;18.1;19.8
"2023-02-27";"08:33";594;1;18.3;21.7
"2023-02-27";"08:29";695;49;24.6;24.4
"2023-02-27";"08:23";692;73;29;24.6
"2023-02-27";"08:13";638;62;28.7;24.5
"2023-02-27";"08:03";570;51;28.3;24.5
"2023-02-27";"07:54";522;38;28;24.2
"2023-02-27";"07:44";435;28;27.8;23.9
"2023-02-27";"07:34";406;7;26.7;23.4
"2023-02-27";"07:32";409;2;25;23.2
"2023-02-27";"07:29";412;77;24.1;24
"2023-02-27";"07:24";414;84;29.4;24
"2023-02-27";"07:14";409;85;29.4;24
"2023-02-27";"07:04";410;85;29.3;24.1
"2023-02-27";"06:55";413;86;29.3;24
"2023-02-27";"06:45";405;86;29.3;24.1
"2023-02-27";"06:35";413;86;29.4;24.1
"2023-02-27";"06:25";410;86;29.4;24.1
"2023-02-27";"06:15";411;87;29.4;24.1
"2023-02-27";"06:04";419;88;29.4;24.1
"2023-02-27";"05:56";409;87;29.4;24
"2023-02-27";"05:46";408;87;29.4;24
"2023-02-27";"05:36";408;87;29.4;24
"2023-02-27";"05:26";411;87;29.4;24.1
"2023-02-27";"05:16";408;87;29.4;24.1
"2023-02-27";"05:05";411;87;29.4;24.1
"2023-02-27";"04:57";406;86;29.4;24.1
"2023-02-27";"04:47";405;87;29.4;24.1
"2023-02-27";"04:37";407;89;29.4;24.1
"2023-02-27";"04:27";411;89;29.4;24.1
"2023-02-27";"04:17";417;88;29.4;24.1
"2023-02-27";"04:06";418;89;29.4;24.1
"2023-02-27";"03:58";411;89;29.4;24.1
"2023-02-27";"03:48";413;88;29.4;24.1
"2023-02-27";"03:38";409;87;29.4;24.1
"2023-02-27";"03:28";414;88;29.5;24.1
"2023-02-27";"03:17";413;88;29.4;24.1
"2023-02-27";"03:07";420;87;29.5;24.1
"2023-02-27";"02:59";420;87;29.4;24.1
"2023-02-27";"02:49";416;90;29.5;24.1
"2023-02-27";"02:39";417;90;29.5;24.1
"2023-02-27";"02:29";415;90;29.4;24.1
"2023-02-27";"02:18";422;92;29.5;24.1
"2023-02-27";"02:08";419;90;29.5;24.1
"2023-02-27";"02:00";424;88;29.5;24.1
"2023-02-27";"01:50";426;92;29.5;24.2
"2023-02-27";"01:40";424;90;29.5;24.1
"2023-02-27";"01:30";422;88;29.5;24.1
"2023-02-27";"01:19";416;90;29.5;24.1
"2023-02-27";"01:09";416;89;29.5;24.1
"2023-02-27";"01:01";421;90;29.5;24.1
"2023-02-27";"00:51";415;89;29.5;24.1
"2023-02-27";"00:41";412;89;29.5;24.1
"2023-02-27";"00:31";419;89;29.5;24.1
"2023-02-27";"00:20";417;90;29.5;24.1
"2023-02-27";"00:10";412;89;29.5;24.1
"2023-02-27";"00:02";412;90;29.5;24.1
"2023-02-26";"23:52";418;90;29.5;24.1
"2023-02-26";"23:42";418;88;29.5;24.2
"2023-02-26";"23:32";420;89;29.5;24.1
"2023-02-26";"23:21";417;89;29.5;24.2
"2023-02-26";"23:11";421;87;29.5;24.1
"2023-02-26";"23:03";422;89;29.5;24.2
"2023-02-26";"22:53";427;88;29.5;24.2
"2023-02-26";"22:43";425;90;29.5;24.1
"2023-02-26";"22:33";427;88;29.6;24.2
"2023-02-26";"22:22";423;88;29.5;24.2
"2023-02-26";"22:12";415;89;29.6;24.2
"2023-02-26";"22:04";417;90;29.5;24.2
"2023-02-26";"21:54";422;90;29.6;24.2
"2023-02-26";"21:44";426;90;29.5;24.2
"2023-02-26";"21:34";427;89;29.5;24.2
"2023-02-26";"21:23";427;89;29.5;24.2
"2023-02-26";"21:13";430;88;29.6;24.2
"2023-02-26";"21:05";431;91;29.6;24.2
"2023-02-26";"20:55";434;91;29.6;24.2
"2023-02-26";"20:45";438;90;29.6;24.2
"2023-02-26";"20:35";433;89;29.6;24.2
"2023-02-26";"20:24";425;88;29.6;24.2
"2023-02-26";"20:14";429;89;29.6;24.2
"2023-02-26";"20:06";427;88;29.6;24.2
"2023-02-26";"19:56";428;89;29.6;24.3
"2023-02-26";"19:46";432;88;29.6;24.2
"2023-02-26";"19:36";433;88;29.6;24.3
"2023-02-26";"19:25";426;88;29.6;24.2
"2023-02-26";"19:15";430;89;29.6;24.2
"2023-02-26";"19:07";437;88;29.6;24.2
"2023-02-26";"18:57";436;90;29.6;24.3
"2023-02-26";"18:47";430;90;29.6;24.3
"2023-02-26";"18:37";433;89;29.6;24.3
"2023-02-26";"18:26";438;89;29.6;24.2
"2023-02-26";"18:16";439;90;29.6;24.3
"2023-02-26";"18:08";435;90;29.6;24.3
"2023-02-26";"17:58";435;91;29.6;24.3
"2023-02-26";"17:48";436;90;29.6;24.3
"2023-02-26";"17:38";432;90;29.6;24.3
"2023-02-26";"17:27";432;92;29.6;24.3
"2023-02-26";"17:17";430;92;29.6;24.3
"2023-02-26";"17:09";433;93;29.6;24.3
"2023-02-26";"16:59";433;92;29.6;24.3
"2023-02-26";"16:49";434;90;29.6;24.3
"2023-02-26";"16:39";432;90;29.6;24.3
"2023-02-26";"16:28";428;91;29.6;24.4
"2023-02-26";"16:18";424;93;29.5;24.4
"2023-02-26";"16:10";429;90;29.6;24.4
"2023-02-26";"16:00";438;91;29.6;24.4
"2023-02-26";"15:50";442;91;29.5;24.4
"2023-02-26";"15:40";441;88;29.6;24.4
"2023-02-26";"15:29";446;91;29.6;24.4
"2023-02-26";"15:19";444;90;29.6;24.4
"2023-02-26";"15:11";443;90;29.6;24.4
"2023-02-26";"15:01";438;90;29.5;24.5
"2023-02-26";"14:51";441;91;29.6;24.5
"2023-02-26";"14:41";442;88;29.5;24.4
"2023-02-26";"14:30";440;90;29.6;24.4
"2023-02-26";"14:20";440;91;29.6;24.4
"2023-02-26";"14:12";436;93;29.6;24.4
"2023-02-26";"14:02";447;94;29.6;24.4
"2023-02-26";"13:52";442;92;29.5;24.4
"2023-02-26";"13:41";453;93;29.6;24.5
"2023-02-26";"13:31";448;94;29.6;24.5
"2023-02-26";"13:21";444;93;29.5;24.5
"2023-02-26";"13:13";444;94;29.5;24.5
"2023-02-26";"13:03";443;93;29.5;24.5
"2023-02-26";"12:53";448;94;29.5;24.5
"2023-02-26";"12:42";448;93;29.5;24.5
"2023-02-26";"12:32";443;92;29.5;24.5
"2023-02-26";"12:22";442;92;29.5;24.5
"2023-02-26";"12:14";444;94;29.4;24.6
"2023-02-26";"12:04";438;96;29.4;24.5
"2023-02-26";"11:54";441;96;29.4;24.6
"2023-02-26";"11:43";446;97;29.4;24.6
"2023-02-26";"11:33";446;96;29.5;24.6
"2023-02-26";"11:23";453;96;29.5;24.6
"2023-02-26";"11:15";449;95;29.5;24.5
"2023-02-26";"11:05";449;96;29.5;24.6
"2023-02-26";"10:56";458;95;29.5;24.5
"2023-02-26";"10:54";449;96;29.5;24.5
"2023-02-26";"10:46";458;95;29.5;24.5
"2023-02-26";"10:44";450;97;29.5;24.6
"2023-02-26";"10:36";454;96;29.6;24.5
"2023-02-26";"10:34";452;96;29.5;24.6
"2023-02-26";"10:26";453;97;29.6;24.5
"2023-02-26";"10:24";451;96;29.5;24.5
"2023-02-26";"10:16";453;97;29.6;24.5
"2023-02-26";"10:06";457;95;29.6;24.5
"2023-02-26";"09:55";455;93;29.6;24.5
"2023-02-26";"09:45";458;93;29.6;24.5
"2023-02-26";"09:35";458;93;29.7;24.5
"2023-02-26";"09:25";461;93;29.7;24.4
"2023-02-26";"09:15";459;94;29.7;24.4
"2023-02-26";"09:05";457;93;29.7;24.3
"2023-02-26";"08:55";461;92;29.8;24.3
"2023-02-26";"08:44";461;93;29.8;24.3
"2023-02-26";"08:34";460;92;29.8;24.3
"2023-02-26";"08:24";455;93;29.8;24.3
"2023-02-26";"08:14";458;95;29.8;24.3
"2023-02-26";"08:04";466;95;29.8;24.3
"2023-02-26";"07:54";462;95;29.8;24.3
"2023-02-26";"07:44";464;95;29.8;24.3
"2023-02-26";"07:33";472;96;29.8;24.3
"2023-02-26";"07:23";467;94;29.8;24.3
"2023-02-26";"07:13";467;96;29.8;24.3
"2023-02-26";"07:03";466;96;29.9;24.3
"2023-02-26";"06:53";466;96;29.8;24.3
"2023-02-26";"06:43";462;97;29.8;24.3
"2023-02-26";"06:33";469;97;29.9;24.3
"2023-02-26";"06:22";472;98;29.9;24.3
"2023-02-26";"06:12";471;96;29.9;24.3
"2023-02-26";"06:02";470;96;29.9;24.4
"2023-02-26";"05:52";468;96;29.9;24.4
"2023-02-26";"05:42";466;95;29.9;24.3
"2023-02-26";"05:32";465;94;29.9;24.3
"2023-02-26";"05:22";466;95;29.8;24.3
"2023-02-26";"05:12";467;96;29.9;24.3
"2023-02-26";"05:01";471;96;29.9;24.3
"2023-02-26";"04:51";470;97;29.9;24.4
"2023-02-26";"04:41";476;97;29.9;24.3
"2023-02-26";"04:31";477;97;29.9;24.3
"2023-02-26";"04:21";478;97;29.9;24.3
"2023-02-26";"04:11";478;96;29.9;24.3
"2023-02-26";"04:01";482;97;29.9;24.3
"2023-02-26";"03:50";480;96;29.9;24.3
"2023-02-26";"03:40";472;96;29.9;24.4
"2023-02-26";"03:30";476;99;29.9;24.3
"2023-02-26";"03:20";473;99;29.9;24.4
"2023-02-26";"03:10";478;99;29.9;24.4
"2023-02-26";"03:00";476;99;29.9;24.4
"2023-02-26";"02:50";482;99;29.9;24.4
"2023-02-26";"02:39";488;99;29.9;24.3
"2023-02-26";"02:29";490;99;29.9;24.4
"2023-02-26";"02:19";490;99;29.9;24.3
"2023-02-26";"02:09";489;97;29.9;24.4
"2023-02-26";"01:59";490;99;29.9;24.4
"2023-02-26";"01:49";495;98;29.9;24.4
"2023-02-26";"01:39";496;99;29.9;24.4
"2023-02-26";"01:28";499;101;29.9;24.4
"2023-02-26";"01:18";499;100;29.9;24.4
"2023-02-26";"01:08";502;100;29.9;24.4
"2023-02-26";"00:58";504;100;29.9;24.4
"2023-02-26";"00:48";502;101;29.9;24.4
"2023-02-26";"00:38";501;101;30;24.4
"2023-02-26";"00:28";496;101;30;24.4
"2023-02-26";"00:17";492;101;29.9;24.4
"2023-02-26";"00:07";489;102;29.9;24.4
"2023-02-25";"23:47";500;102;30;24.4
"2023-02-25";"23:37";499;102;29.9;24.4
"2023-02-25";"23:27";507;98;30;24.4
"2023-02-25";"23:17";499;99;29.9;24.4
"2023-02-25";"23:06";501;99;29.9;24.5
"2023-02-25";"22:56";496;101;29.9;24.5
"2023-02-25";"22:46";502;101;30;24.4
"2023-02-25";"22:36";498;96;29.9;24.4
"2023-02-25";"22:26";499;102;29.9;24.4
"2023-02-25";"22:16";499;103;29.9;24.5
"2023-02-25";"22:06";496;103;29.9;24.5
"2023-02-25";"21:56";493;103;29.9;24.5
"2023-02-25";"21:45";490;102;30;24.4
"2023-02-25";"21:35";491;102;29.9;24.5
"2023-02-25";"21:25";493;102;29.9;24.5
"2023-02-25";"21:15";495;103;29.9;24.5
"2023-02-25";"21:05";501;102;29.9;24.5
"2023-02-25";"20:55";495;102;30;24.5
"2023-02-25";"20:45";496;102;29.9;24.5
"2023-02-25";"20:34";496;104;30;24.5
"2023-02-25";"20:24";501;104;30;24.5
"2023-02-25";"20:14";510;105;29.9;24.5
"2023-02-25";"20:04";506;105;29.9;24.5
"2023-02-25";"19:54";514;105;29.9;24.5
"2023-02-25";"19:44";512;101;29.9;24.5
"2023-02-25";"19:34";508;103;29.9;24.5
"2023-02-25";"19:24";512;102;29.9;24.5
"2023-02-25";"19:13";513;102;29.9;24.5
"2023-02-25";"19:03";505;101;30;24.5
"2023-02-25";"18:53";513;103;29.9;24.5
"2023-02-25";"18:43";510;104;29.9;24.5
"2023-02-25";"18:33";517;106;29.9;24.6
"2023-02-25";"18:23";518;108;29.8;24.6
"2023-02-25";"18:13";518;108;29.9;24.6
"2023-02-25";"18:03";519;107;29.8;24.6
"2023-02-25";"17:52";514;107;29.8;24.6
"2023-02-25";"17:42";519;106;29.8;24.6
"2023-02-25";"17:32";525;104;29.8;24.7
"2023-02-25";"17:22";529;105;29.8;24.7
"2023-02-25";"17:12";529;107;29.8;24.7
"2023-02-25";"17:02";528;107;29.8;24.7
"2023-02-25";"16:52";529;107;29.7;24.7
"2023-02-25";"16:41";531;107;29.8;24.7
"2023-02-25";"16:31";525;108;29.7;24.7
"2023-02-25";"16:21";526;108;29.7;24.7
"2023-02-25";"16:11";527;106;29.7;24.7
"2023-02-25";"16:01";523;102;29.7;24.8
"2023-02-25";"15:51";527;103;29.7;24.8
"2023-02-25";"15:41";523;103;29.7;24.8
"2023-02-25";"15:31";525;103;29.6;24.8
"2023-02-25";"15:20";525;104;29.6;24.8
"2023-02-25";"15:10";522;103;29.6;24.8
"2023-02-25";"15:00";526;104;29.6;24.9
"2023-02-25";"14:50";533;103;29.6;24.9
"2023-02-25";"14:40";530;104;29.5;24.9
"2023-02-25";"14:30";531;103;29.5;25
"2023-02-25";"14:20";532;102;29.5;25
"2023-02-25";"14:10";536;104;29.5;25
"2023-02-25";"13:59";537;103;29.5;25
"2023-02-25";"13:49";539;104;29.4;25
"2023-02-25";"13:39";535;104;29.4;25
"2023-02-25";"13:29";533;105;29.4;25
"2023-02-25";"13:19";531;105;29.4;25
"2023-02-25";"13:09";531;104;29.3;25
"2023-02-25";"12:59";533;103;29.3;25
"2023-02-25";"12:49";527;103;29.3;25
"2023-02-25";"12:38";532;103;29.3;25
"2023-02-25";"12:28";538;103;29.3;25
"2023-02-25";"12:18";531;103;29.3;25
"2023-02-25";"12:08";533;104;29.4;25
"2023-02-25";"11:58";538;104;29.4;24.9
"2023-02-25";"11:48";543;100;29.4;25
"2023-02-25";"11:38";538;99;29.4;24.9
"2023-02-25";"11:28";538;99;29.5;24.8
"2023-02-25";"11:17";543;103;29.5;24.8
"2023-02-25";"11:07";547;104;29.5;24.8
"2023-02-25";"10:57";542;103;29.6;24.8
"2023-02-25";"10:47";545;102;29.6;24.8
"2023-02-25";"10:37";549;103;29.6;24.7
"2023-02-25";"10:27";546;103;29.7;24.6
"2023-02-25";"10:17";552;103;29.7;24.5
"2023-02-25";"10:08";560;103;29.8;24.5
"2023-02-25";"09:58";561;104;29.8;24.5
"2023-02-25";"09:48";555;103;29.8;24.5
"2023-02-25";"09:38";551;104;29.9;24.5
"2023-02-25";"09:28";557;105;29.9;24.5
"2023-02-25";"09:17";560;105;29.9;24.5
"2023-02-25";"09:09";553;103;29.9;24.5
"2023-02-25";"08:59";553;103;29.9;24.5
"2023-02-25";"08:49";554;103;29.9;24.5
"2023-02-25";"08:39";556;103;29.9;24.5
"2023-02-25";"08:28";560;105;30;24.4
"2023-02-25";"08:18";562;104;29.9;24.5
"2023-02-25";"08:10";562;104;30;24.4
"2023-02-25";"08:00";558;105;30;24.4
"2023-02-25";"07:50";558;104;30;24.5
"2023-02-25";"07:39";563;104;30;24.4
"2023-02-25";"07:29";557;106;30;24.4
"2023-02-25";"07:19";562;104;30;24.4
"2023-02-25";"07:11";560;105;30;24.4
"2023-02-25";"07:01";564;107;30;24.4
"2023-02-25";"06:51";560;107;30;24.4
"2023-02-25";"06:40";565;109;30;24.5
"2023-02-25";"06:30";564;109;30;24.5
"2023-02-25";"06:20";567;109;30;24.4
"2023-02-25";"06:12";565;108;30;24.4
"2023-02-25";"06:02";565;107;30;24.4
"2023-02-25";"05:52";563;107;30;24.4
"2023-02-25";"05:41";575;108;30;24.4
"2023-02-25";"05:31";575;106;30.1;24.4
"2023-02-25";"05:21";575;108;30;24.4
"2023-02-25";"05:13";574;110;30;24.4
"2023-02-25";"05:03";572;110;30.1;24.4
"2023-02-25";"04:52";575;110;30;24.4
"2023-02-25";"04:42";571;111;30;24.4
"2023-02-25";"04:32";576;112;30;24.4
"2023-02-25";"04:22";576;113;30;24.4
"2023-02-25";"04:14";574;115;30;24.4
"2023-02-25";"04:04";575;115;30;24.4
"2023-02-25";"03:53";580;115;30;24.4
"2023-02-25";"03:43";577;114;30;24.4
"2023-02-25";"03:33";582;114;30;24.4
"2023-02-25";"03:23";578;115;30;24.4
"2023-02-25";"03:15";581;116;30;24.4
"2023-02-25";"03:04";577;116;30;24.4
"2023-02-25";"02:54";573;116;30;24.4
"2023-02-25";"02:44";585;116;30;24.4
"2023-02-25";"02:34";588;116;30;24.5
"2023-02-25";"02:24";586;117;30;24.4
"2023-02-25";"02:16";590;117;30;24.4
"2023-02-25";"02:05";592;117;30;24.5
"2023-02-25";"01:55";593;116;30;24.4
"2023-02-25";"01:45";594;115;30;24.4
"2023-02-25";"01:35";594;113;30;24.4
"2023-02-25";"01:25";588;115;30;24.5
"2023-02-25";"01:16";586;114;30;24.5
"2023-02-25";"01:06";588;115;30;24.5
"2023-02-25";"00:56";590;114;30;24.4
"2023-02-25";"00:46";594;115;30;24.5
"2023-02-25";"00:36";596;114;30;24.4
"2023-02-25";"00:26";594;115;30.1;24.5
"2023-02-25";"00:17";601;115;30.1;24.5
"2023-02-25";"00:07";599;116;30;24.5
"2023-02-24";"23:57";610;115;30;24.5
"2023-02-24";"23:47";609;115;30;24.5
"2023-02-24";"23:37";610;117;30;24.5
"2023-02-24";"23:27";607;118;30.1;24.5
"2023-02-24";"23:18";610;117;30.1;24.5
"2023-02-24";"23:08";613;117;30.1;24.5
"2023-02-24";"22:58";610;116;30.1;24.5
"2023-02-24";"22:48";605;117;30.1;24.5
"2023-02-24";"22:38";606;116;30.1;24.5
"2023-02-24";"22:28";609;115;30;24.5
"2023-02-24";"22:19";614;117;30.1;24.5
"2023-02-24";"22:09";620;118;30.1;24.5
"2023-02-24";"21:59";613;118;30;24.5
"2023-02-24";"21:49";615;119;30;24.5
"2023-02-24";"21:39";618;119;30;24.5
"2023-02-24";"21:29";609;120;30;24.6
"2023-02-24";"21:20";608;120;30;24.5
"2023-02-24";"21:10";611;120;30;24.6
"2023-02-24";"21:00";612;122;30;24.6
"2023-02-24";"20:50";613;122;30;24.6
"2023-02-24";"20:40";620;122;30;24.6
"2023-02-24";"20:30";620;121;30;24.6
"2023-02-24";"20:21";621;121;30;24.6
"2023-02-24";"20:11";620;122;30;24.6
"2023-02-24";"20:01";620;121;30;24.6
"2023-02-24";"19:51";615;122;29.9;24.6
"2023-02-24";"19:41";618;122;29.9;24.7
"2023-02-24";"19:31";620;120;30;24.7
"2023-02-24";"19:22";628;120;29.9;24.7
"2023-02-24";"19:12";621;118;30;24.7
"2023-02-24";"19:02";620;117;30;24.7
"2023-02-24";"18:52";612;118;30;24.7
"2023-02-24";"18:42";616;117;30;24.7
"2023-02-24";"18:32";617;117;30;24.7
"2023-02-24";"18:23";618;122;29.9;24.7
"2023-02-24";"18:13";628;121;29.8;24.7
"2023-02-24";"18:03";624;121;29.9;24.7
"2023-02-24";"17:53";621;120;29.9;24.7
"2023-02-24";"17:43";622;120;29.9;24.7
"2023-02-24";"17:32";624;120;29.8;24.7
"2023-02-24";"17:24";622;120;29.8;24.8
"2023-02-24";"17:14";624;119;29.8;24.8
"2023-02-24";"17:04";619;119;29.8;24.8
"2023-02-24";"16:54";614;119;29.7;24.8
"2023-02-24";"16:43";619;120;29.7;24.9
"2023-02-24";"16:33";622;120;29.7;24.9
"2023-02-24";"16:25";620;120;29.7;24.9
"2023-02-24";"16:15";618;120;29.6;24.9
"2023-02-24";"16:05";618;120;29.6;25
"2023-02-24";"15:54";622;121;29.6;25
"2023-02-24";"15:44";625;121;29.6;25
"2023-02-24";"15:34";620;121;29.6;25
"2023-02-24";"15:26";627;123;29.6;25
"2023-02-24";"15:16";622;121;29.5;25
"2023-02-24";"15:06";622;121;29.6;25
"2023-02-24";"14:55";625;121;29.6;25
"2023-02-24";"14:45";625;121;29.5;25
"2023-02-24";"14:35";635;120;29.5;25
"2023-02-24";"14:27";640;122;29.5;25
"2023-02-24";"14:17";643;121;29.5;25
"2023-02-24";"14:06";645;120;29.5;25
"2023-02-24";"13:56";644;122;29.5;25
"2023-02-24";"13:46";647;123;29.5;25
"2023-02-24";"13:36";649;123;29.5;25
"2023-02-24";"13:28";654;121;29.5;25
"2023-02-24";"13:18";652;122;29.5;25
"2023-02-24";"13:07";653;122;29.6;25
"2023-02-24";"12:57";651;122;29.6;24.9
"2023-02-24";"12:47";649;122;29.6;24.9
"2023-02-24";"12:37";653;122;29.7;24.9
"2023-02-24";"12:29";653;124;29.7;24.8
"2023-02-24";"12:19";661;123;29.7;24.8
"2023-02-24";"12:08";660;122;29.7;24.8
"2023-02-24";"11:58";656;123;29.7;24.8
"2023-02-24";"11:48";659;124;29.7;24.8
"2023-02-24";"11:38";660;122;29.6;24.8
"2023-02-24";"11:30";656;122;29.6;24.8
"2023-02-24";"11:19";659;123;29.7;24.8
"2023-02-24";"11:09";660;124;29.7;24.7
"2023-02-24";"10:59";660;125;29.7;24.7
"2023-02-24";"10:49";665;126;29.7;24.7
"2023-02-24";"10:39";669;124;29.7;24.7
"2023-02-24";"10:31";666;123;29.7;24.7
"2023-02-24";"10:10";660;123;29.8;24.7
"2023-02-24";"10:00";664;122;29.8;24.7
"2023-02-24";"09:50";671;123;29.8;24.6
"2023-02-24";"09:40";672;125;29.8;24.7
"2023-02-24";"09:31";679;126;29.9;24.6
"2023-02-24";"09:21";677;127;29.9;24.6
"2023-02-24";"09:11";677;128;30;24.6
"2023-02-24";"09:01";676;127;30;24.5
"2023-02-24";"08:51";675;126;30.1;24.5
"2023-02-24";"08:41";679;125;30.1;24.5
"2023-02-24";"08:32";685;125;30.2;24.4
"2023-02-24";"08:22";687;127;30.2;24.4
"2023-02-24";"08:12";682;126;30.2;24.4
"2023-02-24";"08:02";689;127;30.2;24.4
"2023-02-24";"07:52";696;129;30.2;24.4
"2023-02-24";"07:42";693;128;30.2;24.4
"2023-02-24";"07:33";688;128;30.2;24.3
"2023-02-24";"07:23";692;129;30.2;24.3
"2023-02-24";"07:13";701;126;30.2;24.4
"2023-02-24";"07:03";705;126;30.3;24.3
"2023-02-24";"06:53";694;126;30.3;24.4
"2023-02-24";"06:43";694;126;30.3;24.4
"2023-02-24";"06:34";696;127;30.3;24.4
"2023-02-24";"06:24";696;128;30.3;24.3
"2023-02-24";"06:14";694;129;30.3;24.4
"2023-02-24";"06:04";697;131;30.3;24.4
"2023-02-24";"05:54";702;129;30.3;24.4
"2023-02-24";"05:43";704;130;30.3;24.3
"2023-02-24";"05:35";699;131;30.3;24.3
"2023-02-24";"05:25";701;131;30.3;24.3
"2023-02-24";"05:15";705;130;30.4;24.4
"2023-02-24";"05:05";716;129;30.3;24.4
"2023-02-24";"04:54";713;128;30.3;24.3
"2023-02-24";"04:44";717;130;30.3;24.3
"2023-02-24";"04:36";715;130;30.3;24.4
"2023-02-24";"04:26";724;131;30.3;24.4
"2023-02-24";"04:16";721;130;30.4;24.3
"2023-02-24";"04:06";727;132;30.4;24.4
"2023-02-24";"03:55";728;132;30.3;24.4
"2023-02-24";"03:45";726;132;30.4;24.4
"2023-02-24";"03:37";732;132;30.4;24.4
"2023-02-24";"03:27";738;132;30.4;24.4
"2023-02-24";"03:17";738;132;30.4;24.4
"2023-02-24";"03:07";738;132;30.4;24.4
"2023-02-24";"02:56";733;132;30.4;24.4
"2023-02-24";"02:46";747;132;30.4;24.4
"2023-02-24";"02:38";749;131;30.4;24.4
"2023-02-24";"02:28";756;132;30.4;24.4
"2023-02-24";"02:18";757;132;30.4;24.4
"2023-02-24";"02:08";757;133;30.4;24.4
"2023-02-24";"01:57";747;133;30.4;24.4
"2023-02-24";"01:47";747;133;30.5;24.4
"2023-02-24";"01:39";756;133;30.4;24.4
"2023-02-24";"01:29";761;133;30.5;24.4
"2023-02-24";"01:19";761;132;30.5;24.4
"2023-02-24";"01:08";769;132;30.4;24.4
"2023-02-24";"00:58";771;131;30.5;24.4
"2023-02-24";"00:48";771;132;30.5;24.4
"2023-02-24";"00:40";764;132;30.5;24.4
"2023-02-24";"00:30";768;133;30.5;24.4
"2023-02-24";"00:20";769;132;30.5;24.4
"2023-02-24";"00:09";769;132;30.5;24.4
"2023-02-23";"23:59";770;133;30.5;24.4
"2023-02-23";"23:49";761;133;30.5;24.4
"2023-02-23";"23:41";769;132;30.6;24.4
"2023-02-23";"23:31";772;133;30.5;24.4
"2023-02-23";"23:21";787;132;30.5;24.4
"2023-02-23";"23:10";783;132;30.6;24.4
"2023-02-23";"23:00";786;133;30.6;24.4
"2023-02-23";"22:50";787;133;30.6;24.4
"2023-02-23";"22:42";787;132;30.6;24.4
"2023-02-23";"22:32";791;131;30.6;24.4
"2023-02-23";"22:22";792;132;30.6;24.5
"2023-02-23";"22:11";790;131;30.6;24.5
"2023-02-23";"22:01";794;132;30.6;24.5
"2023-02-23";"21:51";804;130;30.6;24.5
"2023-02-23";"21:43";803;130;30.6;24.5
"2023-02-23";"21:33";800;130;30.6;24.5
"2023-02-23";"21:23";812;130;30.6;24.5
"2023-02-23";"21:12";809;130;30.6;24.5
"2023-02-23";"21:02";806;130;30.6;24.5
"2023-02-23";"20:52";805;130;30.6;24.5
"2023-02-23";"20:44";808;129;30.6;24.5
"2023-02-23";"20:34";815;128;30.6;24.5
"2023-02-23";"20:24";814;129;30.6;24.5
"2023-02-23";"20:13";816;128;30.7;24.5
"2023-02-23";"20:03";825;128;30.6;24.5
"2023-02-23";"19:53";824;128;30.7;24.5
"2023-02-23";"19:45";826;127;30.6;24.5
"2023-02-23";"19:35";826;127;30.7;24.5
"2023-02-23";"19:25";834;127;30.7;24.5
"2023-02-23";"19:14";834;126;30.7;24.5
"2023-02-23";"19:04";839;124;30.7;24.5
"2023-02-23";"18:54";838;124;30.7;24.6
"2023-02-23";"18:46";836;123;30.7;24.5
"2023-02-23";"18:36";838;123;30.7;24.5
"2023-02-23";"18:26";838;123;30.7;24.5
"2023-02-23";"18:15";840;121;30.7;24.6
"2023-02-23";"18:05";832;119;30.6;24.5
"2023-02-23";"17:55";833;119;30.7;24.5
"2023-02-23";"17:47";838;119;30.7;24.6
"2023-02-23";"17:37";843;118;30.7;24.6
"2023-02-23";"17:27";845;116;30.7;24.6
"2023-02-23";"17:16";846;115;30.7;24.6
"2023-02-23";"17:06";850;115;30.8;24.6
"2023-02-23";"16:56";850;115;30.8;24.6
"2023-02-23";"16:48";854;113;30.8;24.6
"2023-02-23";"16:38";854;113;30.8;24.6
"2023-02-23";"16:27";857;112;30.9;24.6
"2023-02-23";"16:17";860;110;31;24.6
"2023-02-23";"16:07";863;107;31;24.6
"2023-02-23";"15:57";865;105;31.1;24.6
"2023-02-23";"15:49";877;103;31.2;24.6
"2023-02-23";"15:39";890;101;31.3;24.7
"2023-02-23";"15:28";898;99;31.3;24.8
"2023-02-23";"15:18";908;94;31.5;24.8
"2023-02-23";"15:08";920;89;31.7;24.9
"2023-02-23";"14:58";924;82;31.9;25
"2023-02-23";"14:50";908;65;32.2;24.9
"2023-02-23";"14:39";1185;96;33.7;25.4
"2023-02-23";"14:29";1110;89;33.1;25.3
"2023-02-23";"14:19";1036;82;32.9;25.3
"2023-02-23";"14:09";937;75;32.8;25.3
"2023-02-23";"13:59";892;67;32.7;25.3
"2023-02-23";"13:51";806;59;32.2;25.2
"2023-02-23";"13:40";747;47;31.8;25.1
"2023-02-23";"13:30";662;37;30.5;25
"2023-02-23";"13:20";614;26;30.3;24.6
"2023-02-23";"13:10";519;14;30.2;24
"2023-02-23";"13:00";535;9;30;23.2
"2023-02-23";"12:52";693;22;29.8;24.1
"2023-02-23";"12:41";1245;92;33.9;24.9
"2023-02-23";"12:31";1185;87;33.3;24.9
"2023-02-23";"12:21";1135;82;33.2;25
"2023-02-23";"12:11";1087;76;32.8;24.9
"2023-02-23";"12:01";1045;71;32.5;24.9
"2023-02-23";"11:53";955;63;32.1;24.8
"2023-02-23";"11:42";876;57;31.5;24.8
"2023-02-23";"11:32";812;52;31.1;24.8
"2023-02-23";"11:22";775;42;30.4;24.7
"2023-02-23";"11:12";642;32;29.7;24.5
"2023-02-23";"11:02";583;21;29.3;24.2
"2023-02-23";"10:54";642;45;29.1;24.6
"2023-02-23";"10:43";539;24;28.9;24.1
"2023-02-23";"10:33";766;57;29.1;25
"2023-02-23";"10:23";692;49;28.7;24.8
"2023-02-23";"10:13";592;41;28.5;24.4
"2023-02-23";"10:03";518;20;28.7;23.6
"2023-02-23";"09:54";509;15;29.1;23.3
"2023-02-23";"09:44";512;36;29;23.6
"2023-02-23";"09:34";697;10;27;23.8
"2023-02-23";"09:24";787;61;28.9;25
"2023-02-23";"09:14";720;51;28.6;24.8
"2023-02-23";"09:04";684;39;28.3;24.6
"2023-02-23";"08:55";586;27;28;24.3
"2023-02-23";"08:45";538;16;28;23.6
"2023-02-23";"08:35";465;4;28.4;22.3
"2023-02-23";"08:25";472;1;27.2;21.8
"2023-02-23";"08:15";474;1;27.2;22.2
"2023-02-23";"08:05";472;1;27.8;23
"2023-02-23";"07:56";796;69;31.8;24.8
"2023-02-23";"07:46";748;56;31.5;24.7
"2023-02-23";"07:36";658;41;31.3;24.5
"2023-02-23";"07:26";615;30;30.8;24.3
"2023-02-23";"07:16";580;13;29.7;23.9
"2023-02-23";"07:06";631;97;30.5;24.5
"2023-02-23";"06:57";640;96;30.5;24.5
"2023-02-23";"06:47";644;97;30.5;24.5
"2023-02-23";"06:37";645;96;30.5;24.5
"2023-02-23";"06:27";647;98;30.5;24.5
"2023-02-23";"06:17";655;100;30.5;24.5
"2023-02-23";"06:07";659;100;30.5;24.5
"2023-02-23";"05:58";656;100;30.5;24.5
"2023-02-23";"05:48";651;100;30.5;24.4
"2023-02-23";"05:38";655;99;30.6;24.5
"2023-02-23";"05:28";660;100;30.6;24.4
"2023-02-23";"05:18";661;100;30.6;24.4
"2023-02-23";"05:08";667;101;30.6;24.5
"2023-02-23";"04:59";664;100;30.6;24.5
"2023-02-23";"04:49";669;101;30.6;24.5
"2023-02-23";"04:39";675;101;30.6;24.5
"2023-02-23";"04:29";677;100;30.6;24.5
"2023-02-23";"04:19";676;100;30.6;24.5
"2023-02-23";"04:09";669;100;30.6;24.5
"2023-02-23";"04:00";686;100;30.6;24.5
"2023-02-23";"03:50";690;101;30.6;24.5
"2023-02-23";"03:40";699;101;30.6;24.5
"2023-02-23";"03:30";705;101;30.6;24.5
"2023-02-23";"03:20";704;99;30.6;24.5
"2023-02-23";"03:10";709;101;30.6;24.5
"2023-02-23";"03:01";703;102;30.6;24.5
"2023-02-23";"02:51";693;101;30.7;24.5
"2023-02-23";"02:41";708;100;30.6;24.5
"2023-02-23";"02:31";715;101;30.7;24.5
"2023-02-23";"02:21";717;101;30.7;24.5
"2023-02-23";"02:11";713;102;30.7;24.5
"2023-02-23";"02:02";722;101;30.7;24.5
"2023-02-23";"01:52";721;102;30.7;24.5
"2023-02-23";"01:42";722;102;30.7;24.5
"2023-02-23";"01:32";728;102;30.7;24.5
"2023-02-23";"01:22";726;101;30.7;24.5
"2023-02-23";"01:12";729;102;30.7;24.5
"2023-02-23";"01:03";740;104;30.7;24.5
"2023-02-23";"00:53";744;105;30.7;24.6
"2023-02-23";"00:43";744;105;30.8;24.5
"2023-02-23";"00:33";753;106;30.8;24.5
"2023-02-23";"00:23";755;108;30.8;24.5
"2023-02-23";"00:13";753;107;30.8;24.5
"2023-02-23";"00:04";757;109;30.8;24.6
"2023-02-22";"23:54";760;108;30.8;24.5
"2023-02-22";"23:44";761;109;30.8;24.6
"2023-02-22";"23:34";768;108;30.8;24.6
"2023-02-22";"23:24";777;110;30.8;24.6
"2023-02-22";"23:14";779;108;30.8;24.5
"2023-02-22";"23:05";790;110;30.8;24.6
"2023-02-22";"22:55";789;108;30.8;24.6
"2023-02-22";"22:45";786;108;30.8;24.6
"2023-02-22";"22:35";792;109;30.8;24.6
"2023-02-22";"22:25";798;110;30.8;24.6
"2023-02-22";"22:15";801;110;30.8;24.6
"2023-02-22";"22:06";803;110;30.9;24.6
"2023-02-22";"21:56";805;112;30.8;24.7
"2023-02-22";"21:46";804;112;30.9;24.7
"2023-02-22";"21:36";808;111;30.9;24.7
"2023-02-22";"21:26";816;114;30.9;24.7
"2023-02-22";"21:16";813;112;30.9;24.7
"2023-02-22";"21:07";823;113;30.9;24.6
"2023-02-22";"20:57";831;112;30.9;24.7
"2023-02-22";"20:47";841;112;31;24.7
"2023-02-22";"20:37";848;115;31;24.6
"2023-02-22";"20:27";860;113;31;24.7
"2023-02-22";"20:17";865;113;31;24.7
"2023-02-22";"20:08";869;113;31;24.7
"2023-02-22";"19:58";877;114;31;24.7
"2023-02-22";"19:48";882;114;31;24.7
"2023-02-22";"19:38";884;115;31;24.7
"2023-02-22";"19:28";887;114;31;24.7
"2023-02-22";"19:18";892;114;31;24.7
"2023-02-22";"19:09";887;115;31;24.8
"2023-02-22";"18:59";896;116;31;24.8
"2023-02-22";"18:49";906;116;31.1;24.8
"2023-02-22";"18:39";905;115;31.1;24.8
"2023-02-22";"18:29";924;115;31.1;24.8
"2023-02-22";"18:19";934;116;31;24.8
"2023-02-22";"18:10";938;121;31.1;24.8
"2023-02-22";"18:00";952;119;31.2;24.8
"2023-02-22";"17:50";962;121;31.1;24.9
"2023-02-22";"17:40";965;121;31.2;24.9
"2023-02-22";"17:30";964;121;31.2;24.9
"2023-02-22";"17:20";984;123;31.2;24.9
"2023-02-22";"17:11";986;123;31.3;24.9
"2023-02-22";"17:01";1003;124;31.3;24.9
"2023-02-22";"16:51";1016;124;31.3;25
"2023-02-22";"16:41";1030;126;31.3;24.9
"2023-02-22";"16:31";1043;127;31.3;25
"2023-02-22";"16:21";1049;127;31.4;25.1
"2023-02-22";"16:12";1066;130;31.4;25.1
"2023-02-22";"16:02";1077;130;31.4;25.1
"2023-02-22";"15:52";1079;132;31.4;25.1
"2023-02-22";"15:42";1098;133;31.5;25.2
"2023-02-22";"15:32";1119;134;31.6;25.2
"2023-02-22";"15:21";1136;136;31.6;25.3
"2023-02-22";"15:13";1148;138;31.7;25.3
"2023-02-22";"15:03";1156;138;31.8;25.3
"2023-02-22";"14:53";1167;140;32;25.4
"2023-02-22";"14:43";1170;141;32.2;25.5
"2023-02-22";"14:33";1144;142;32.3;25.5
"2023-02-22";"14:22";1116;133;32.3;25.5
"2023-02-22";"14:14";1084;127;32.4;25.6
"2023-02-22";"14:04";991;118;32.2;25.5
"2023-02-22";"13:54";938;106;31.8;25.5
"2023-02-22";"13:44";880;97;31.7;25.5
"2023-02-22";"13:34";872;88;31.3;25.5
"2023-02-22";"13:23";855;81;31.3;25.5
"2023-02-22";"13:15";768;63;30.6;25.5
"2023-02-22";"13:05";700;47;30.1;25.3
"2023-02-22";"12:55";648;20;29.5;25.1
"2023-02-22";"12:45";554;10;28.9;25.1
"2023-02-22";"12:35";566;7;28.4;25
"2023-02-22";"12:24";567;10;28.9;25
"2023-02-22";"12:16";583;18;29.1;25
"2023-02-22";"12:06";590;47;29.6;25
"2023-02-22";"11:56";580;101;29.5;24.9
"2023-02-22";"11:46";584;101;29.5;24.9
"2023-02-22";"11:36";586;101;29.5;24.9
"2023-02-22";"11:25";583;101;29.5;24.8
"2023-02-22";"11:17";582;99;29.5;24.9
"2023-02-22";"11:07";590;101;29.5;24.9
"2023-02-22";"10:57";593;100;29.6;24.8
"2023-02-22";"10:47";598;98;29.6;24.8
"2023-02-22";"10:36";592;96;29.6;24.8
"2023-02-22";"10:26";598;96;29.6;24.8
"2023-02-22";"10:18";601;94;29.7;24.7
"2023-02-22";"10:08";606;94;29.7;24.7
"2023-02-22";"09:58";607;95;29.7;24.6
"2023-02-22";"09:48";601;93;29.7;24.6
"2023-02-22";"09:37";611;92;29.8;24.6
"2023-02-22";"09:27";613;93;29.8;24.6
"2023-02-22";"09:19";614;95;29.9;24.5
"2023-02-22";"09:09";607;96;29.9;24.5
"2023-02-22";"08:59";612;95;29.9;24.5
"2023-02-22";"08:49";616;96;29.9;24.5
"2023-02-22";"08:38";621;97;29.9;24.5
"2023-02-22";"08:28";623;97;29.9;24.5
"2023-02-22";"08:20";621;97;29.9;24.5
"2023-02-22";"08:10";626;98;29.9;24.5
"2023-02-22";"08:00";623;98;30;24.4
"2023-02-22";"07:50";623;98;30;24.4
"2023-02-22";"07:39";625;100;30;24.4
"2023-02-22";"07:29";626;99;30;24.4
"2023-02-22";"07:21";631;101;30;24.4
"2023-02-22";"07:11";628;97;30;24.4
"2023-02-22";"07:01";629;99;30;24.4
"2023-02-22";"06:51";623;99;30;24.4
"2023-02-22";"06:40";626;98;30;24.4
"2023-02-22";"06:30";631;99;30.1;24.4
"2023-02-22";"06:22";629;100;30.1;24.4
"2023-02-22";"06:12";634;100;30.1;24.4
"2023-02-22";"06:02";633;101;30.1;24.4
"2023-02-22";"05:51";634;100;30.1;24.4
"2023-02-22";"05:41";646;101;30.1;24.3
"2023-02-22";"05:31";646;102;30.1;24.4
"2023-02-22";"05:23";649;103;30.1;24.3
"2023-02-22";"05:13";659;104;30.1;24.4
"2023-02-22";"05:03";654;103;30.1;24.4
"2023-02-22";"04:52";645;103;30.1;24.4
"2023-02-22";"04:42";652;101;30.1;24.4
"2023-02-22";"04:32";660;102;30.1;24.4
"2023-02-22";"04:24";655;104;30.1;24.4
"2023-02-22";"04:14";662;104;30.1;24.4
"2023-02-22";"04:03";660;103;30.1;24.4
"2023-02-22";"03:53";666;103;30.1;24.4
"2023-02-22";"03:43";665;103;30.1;24.5
"2023-02-22";"03:33";662;104;30.1;24.4
"2023-02-22";"03:25";664;105;30.1;24.4
"2023-02-22";"03:15";673;103;30.1;24.5
"2023-02-22";"03:05";675;103;30.1;24.4
"2023-02-22";"02:54";674;103;30.1;24.4
"2023-02-22";"02:44";674;105;30.2;24.5
"2023-02-22";"02:34";676;105;30.1;24.4
"2023-02-22";"02:26";678;102;30.1;24.5
"2023-02-22";"02:16";665;103;30.2;24.5
"2023-02-22";"02:05";673;103;30.1;24.5
"2023-02-22";"01:55";683;104;30.2;24.5
"2023-02-22";"01:45";689;104;30.2;24.5
"2023-02-22";"01:35";682;105;30.1;24.5
"2023-02-22";"01:27";682;104;30.1;24.5
"2023-02-22";"01:17";686;105;30.1;24.5
"2023-02-22";"01:06";693;105;30.2;24.5
"2023-02-22";"00:56";697;104;30.2;24.5
"2023-02-22";"00:46";700;104;30.2;24.5
"2023-02-22";"00:36";700;103;30.2;24.5
"2023-02-22";"00:28";701;104;30.2;24.5
"2023-02-22";"00:18";703;105;30.2;24.5
"2023-02-22";"00:07";707;107;30.2;24.5
"2023-02-21";"23:57";711;111;30.2;24.5
"2023-02-21";"23:47";713;110;30.2;24.5
"2023-02-21";"23:37";712;109;30.2;24.5
"2023-02-21";"23:29";715;111;30.2;24.5
"2023-02-21";"23:19";721;111;30.2;24.5
"2023-02-21";"23:08";723;110;30.1;24.5
"2023-02-21";"22:58";725;110;30.2;24.5
"2023-02-21";"22:48";733;111;30.2;24.5
"2023-02-21";"22:38";734;110;30.2;24.5
"2023-02-21";"22:30";739;111;30.2;24.6
"2023-02-21";"22:20";740;111;30.1;24.6
"2023-02-21";"22:09";742;111;30.1;24.6
"2023-02-21";"21:59";740;110;30.1;24.6
"2023-02-21";"21:49";737;108;30.1;24.6
"2023-02-21";"21:39";748;107;30.1;24.6
"2023-02-21";"21:31";748;108;30.1;24.6
"2023-02-21";"21:21";746;109;30.1;24.6
"2023-02-21";"21:10";748;110;30.1;24.6
"2023-02-21";"21:00";747;110;30.1;24.6
"2023-02-21";"20:50";745;109;30.2;24.7
"2023-02-21";"20:40";751;109;30.1;24.6
"2023-02-21";"20:32";746;108;30.1;24.6
"2023-02-21";"20:22";739;106;30.1;24.6
"2023-02-21";"20:11";745;109;30.1;24.6
"2023-02-21";"20:01";743;108;30.2;24.6
"2023-02-21";"19:51";748;108;30.2;24.7
"2023-02-21";"19:41";755;110;30.2;24.7
"2023-02-21";"19:33";758;110;30.2;24.7
"2023-02-21";"19:23";760;110;30.1;24.7
"2023-02-21";"19:12";754;107;30.1;24.8
"2023-02-21";"19:02";757;108;30.1;24.7
"2023-02-21";"18:52";760;106;30.1;24.8
"2023-02-21";"18:42";752;106;30.1;24.8
"2023-02-21";"18:34";710;106;30.2;24.8
"2023-02-21";"18:24";701;111;30;24.7
"2023-02-21";"18:13";705;111;30;24.7
"2023-02-21";"18:03";697;114;30;24.7
"2023-02-21";"17:53";696;113;30;24.7
"2023-02-21";"17:43";694;113;30;24.7
"2023-02-21";"17:35";696;113;30;24.7
"2023-02-21";"17:25";694;114;30;24.7
"2023-02-21";"17:14";689;113;30;24.7
"2023-02-21";"17:04";693;113;29.9;24.8
"2023-02-21";"16:54";695;113;29.9;24.8
"2023-02-21";"16:44";706;113;29.9;24.9
"2023-02-21";"16:36";710;112;29.9;24.9
"2023-02-21";"16:26";705;112;29.8;24.9
"2023-02-21";"16:15";710;113;29.8;24.9
"2023-02-21";"16:05";699;115;29.8;24.9
"2023-02-21";"15:55";705;117;29.8;24.9
"2023-02-21";"15:45";705;116;29.8;24.9
"2023-02-21";"15:37";701;116;29.8;25
"2023-02-21";"15:27";706;116;29.8;25
"2023-02-21";"15:16";711;118;29.8;25
"2023-02-21";"15:06";705;118;29.8;25
"2023-02-21";"14:56";702;120;29.8;25
"2023-02-21";"14:46";709;120;29.8;25
"2023-02-21";"14:38";707;119;29.8;25
"2023-02-21";"14:28";716;119;29.8;25
"2023-02-21";"14:17";713;119;29.8;25
"2023-02-21";"14:07";716;122;29.8;25
"2023-02-21";"13:57";723;122;29.8;25
"2023-02-21";"13:47";724;122;29.8;25
"2023-02-21";"13:39";725;122;29.8;25
"2023-02-21";"13:29";731;122;29.8;25
"2023-02-21";"13:18";727;124;29.8;25
"2023-02-21";"13:08";732;124;29.8;25
"2023-02-21";"12:58";739;124;29.8;25
"2023-02-21";"12:48";738;124;29.9;25
"2023-02-21";"12:40";732;123;29.9;25
"2023-02-21";"12:29";739;121;29.9;25
"2023-02-21";"12:19";743;120;30;25
"2023-02-21";"12:09";736;118;30;25
"2023-02-21";"11:59";735;120;30.1;24.9
"2023-02-21";"11:49";740;120;30.1;24.9
"2023-02-21";"11:41";744;119;30.1;24.9
"2023-02-21";"11:30";754;119;30.2;24.9
"2023-02-21";"11:20";759;118;30.2;24.9
"2023-02-21";"11:10";765;118;30.1;25
"2023-02-21";"11:00";765;119;30.3;24.8
"2023-02-21";"10:50";771;119;30.4;24.8
"2023-02-21";"10:41";783;118;30.5;24.7
"2023-02-21";"10:31";788;118;30.7;24.7
"2023-02-21";"10:21";787;119;30.8;24.7
"2023-02-21";"10:11";791;119;30.9;24.7
"2023-02-21";"10:01";789;119;31;24.7
"2023-02-21";"09:51";785;117;31.1;24.6
"2023-02-21";"09:42";783;118;31;24.6
"2023-02-21";"09:32";749;114;31.1;24.6
"2023-02-21";"09:22";628;106;30.3;24.5
"2023-02-21";"09:12";585;106;30;24.5
"2023-02-21";"09:02";583;104;29.8;24.5
"2023-02-21";"08:52";579;107;29.8;24.4
"2023-02-21";"08:44";588;109;29.9;24.4
"2023-02-21";"08:33";595;109;29.9;24.4
"2023-02-21";"08:23";601;109;29.9;24.4
"2023-02-21";"08:13";601;110;29.9;24.4
"2023-02-21";"08:03";601;111;30;24.3
"2023-02-21";"07:53";599;112;30;24.3
"2023-02-21";"07:44";599;113;30;24.3
"2023-02-21";"07:34";599;111;30;24.3
"2023-02-21";"07:24";596;111;30;24.3
"2023-02-21";"07:14";594;111;30;24.3
"2023-02-21";"07:04";593;112;30;24.3
"2023-02-21";"06:54";598;111;30;24.3
"2023-02-21";"06:46";598;111;30;24.3
"2023-02-21";"06:35";597;111;30;24.3
"2023-02-21";"06:25";599;111;30;24.3
"2023-02-21";"06:15";603;111;30.1;24.3
"2023-02-21";"06:05";614;110;30.1;24.3
"2023-02-21";"05:55";619;112;30.1;24.3
"2023-02-21";"05:47";616;112;30.1;24.3
"2023-02-21";"05:36";623;112;30.1;24.2
"2023-02-21";"05:26";628;111;30.1;24.3
"2023-02-21";"05:16";632;112;30.1;24.3
"2023-02-21";"05:06";622;112;30.1;24.3
"2023-02-21";"04:56";627;113;30.1;24.3
"2023-02-21";"04:48";632;114;30.1;24.3
"2023-02-21";"04:37";633;113;30.2;24.3
"2023-02-21";"04:27";631;113;30.2;24.3
"2023-02-21";"04:17";626;114;30.2;24.3
"2023-02-21";"04:07";629;113;30.2;24.3
"2023-02-21";"03:57";629;112;30.1;24.3
"2023-02-21";"03:49";636;113;30.2;24.3
"2023-02-21";"03:38";642;113;30.2;24.3
"2023-02-21";"03:28";646;115;30.2;24.3
"2023-02-21";"03:18";644;115;30.2;24.3
"2023-02-21";"03:08";642;116;30.2;24.3
"2023-02-21";"02:58";648;114;30.2;24.3
"2023-02-21";"02:49";648;115;30.2;24.3
"2023-02-21";"02:39";651;116;30.2;24.3
"2023-02-21";"02:29";652;118;30.2;24.3
"2023-02-21";"02:19";663;117;30.2;24.3
"2023-02-21";"02:09";658;117;30.2;24.3
"2023-02-21";"01:59";661;117;30.2;24.3
"2023-02-21";"01:51";667;117;30.2;24.3
"2023-02-21";"01:40";667;117;30.3;24.3
"2023-02-21";"01:30";675;116;30.2;24.3
"2023-02-21";"01:20";675;117;30.2;24.4
"2023-02-21";"01:10";669;117;30.3;24.3
"2023-02-21";"01:00";670;119;30.3;24.3
"2023-02-21";"00:52";677;120;30.3;24.4
"2023-02-21";"00:41";680;121;30.3;24.4
"2023-02-21";"00:31";691;121;30.3;24.3
"2023-02-21";"00:21";688;121;30.3;24.4
"2023-02-21";"00:11";688;122;30.3;24.4
"2023-02-21";"00:01";691;122;30.3;24.4
"2023-02-20";"23:53";699;122;30.3;24.4
"2023-02-20";"23:42";707;122;30.3;24.4
"2023-02-20";"23:32";704;120;30.3;24.4
"2023-02-20";"23:22";702;121;30.3;24.4
"2023-02-20";"23:12";700;123;30.3;24.4
"2023-02-20";"23:02";704;122;30.3;24.4
"2023-02-20";"22:54";710;123;30.4;24.4
"2023-02-20";"22:43";711;122;30.4;24.4
"2023-02-20";"22:33";706;123;30.4;24.4
"2023-02-20";"22:23";710;123;30.3;24.5
"2023-02-20";"22:13";714;123;30.3;24.5
"2023-02-20";"22:03";725;124;30.4;24.5
"2023-02-20";"21:55";727;122;30.4;24.5
"2023-02-20";"21:44";724;121;30.4;24.5
"2023-02-20";"21:34";733;124;30.4;24.5
"2023-02-20";"21:24";731;124;30.4;24.5
"2023-02-20";"21:14";740;123;30.4;24.5
"2023-02-20";"21:04";737;122;30.4;24.5
"2023-02-20";"20:56";739;120;30.4;24.5
"2023-02-20";"20:45";740;119;30.4;24.5
"2023-02-20";"20:35";744;118;30.4;24.5
"2023-02-20";"20:25";745;119;30.5;24.5
"2023-02-20";"20:15";748;119;30.5;24.5
"2023-02-20";"20:05";761;120;30.5;24.5
"2023-02-20";"19:56";763;120;30.5;24.6
"2023-02-20";"19:46";769;120;30.5;24.6
"2023-02-20";"19:36";780;120;30.5;24.6
"2023-02-20";"19:26";777;120;30.6;24.6
"2023-02-20";"19:16";783;119;30.5;24.7
"2023-02-20";"19:06";782;118;30.6;24.7
"2023-02-20";"18:57";776;117;30.6;24.7
"2023-02-20";"18:47";771;114;30.5;24.8
"2023-02-20";"18:37";752;114;30.6;24.7
"2023-02-20";"18:27";726;111;30.5;24.7
"2023-02-20";"18:17";714;109;30.4;24.7
"2023-02-20";"18:07";712;108;30.2;24.6
"2023-02-20";"17:58";713;108;30.2;24.6
"2023-02-20";"17:48";716;109;30.2;24.6
"2023-02-20";"17:38";721;109;30.2;24.7
"2023-02-20";"17:28";731;107;30.2;24.6
"2023-02-20";"17:18";731;107;30.2;24.7
"2023-02-20";"17:08";745;107;30.2;24.7
"2023-02-20";"16:59";746;107;30.2;24.7
"2023-02-20";"16:49";754;106;30.2;24.7
"2023-02-20";"16:39";746;105;30.3;24.7
"2023-02-20";"16:29";747;104;30.3;24.7
"2023-02-20";"16:19";756;104;30.2;24.7
"2023-02-20";"16:09";758;104;30.2;24.8
"2023-02-20";"16:01";757;103;30.2;24.8
"2023-02-20";"15:50";760;103;30.2;24.8
"2023-02-20";"15:40";765;102;30.2;24.9
"2023-02-20";"15:30";774;102;30.2;24.8
"2023-02-20";"15:20";781;101;30.2;24.9
"2023-02-20";"15:10";789;100;30.2;24.9
"2023-02-20";"15:02";791;99;30.2;25
"2023-02-20";"14:51";799;98;30.2;25
"2023-02-20";"14:41";803;97;30.2;25
"2023-02-20";"14:31";809;95;30.2;25
"2023-02-20";"14:21";819;94;30.2;25
"2023-02-20";"14:11";821;92;30.2;25
"2023-02-20";"14:02";837;91;30.2;25.1
"2023-02-20";"13:52";841;91;30.2;25.1
"2023-02-20";"13:42";843;89;30.2;25.1
"2023-02-20";"13:32";860;87;30.2;25.2
"2023-02-20";"13:22";869;85;30.2;25.2
"2023-02-20";"13:12";870;81;30.3;25.3
"2023-02-20";"13:03";891;78;30.3;25.3
"2023-02-20";"12:53";919;78;30.6;25.4
"2023-02-20";"12:43";943;80;30.8;25.4
"2023-02-20";"12:33";977;82;31;25.3
"2023-02-20";"12:23";1075;85;31.5;25.3
"2023-02-20";"12:13";1104;95;32;25.3
"2023-02-20";"12:04";1084;98;32.4;25.3
"2023-02-20";"11:54";1014;94;32.5;25.2
"2023-02-20";"11:44";954;87;31.8;25.2
"2023-02-20";"11:34";917;80;31.2;25.2
"2023-02-20";"11:24";844;74;31;25.2
"2023-02-20";"11:14";777;68;30.5;25.2
"2023-02-20";"11:05";723;59;29.6;25.1
"2023-02-20";"10:55";650;53;29.1;25.2
"2023-02-20";"10:45";649;47;28.7;25.1
"2023-02-20";"10:35";660;38;28.8;25
"2023-02-20";"10:25";644;32;28.8;25
"2023-02-20";"10:15";587;23;28.6;25
"2023-02-20";"10:06";535;11;28.3;24.8
"2023-02-20";"09:56";503;5;27.9;24.6
"2023-02-20";"09:46";499;4;27.6;24.5
"2023-02-20";"09:36";506;5;27.7;24.5
"2023-02-20";"09:26";498;4;28.1;24.5
"2023-02-20";"09:16";499;4;28.2;24.3
"2023-02-20";"09:07";497;5;28.5;24.1
"2023-02-20";"08:57";489;10;28.8;24.2
"2023-02-20";"08:47";484;93;29.5;24.3
"2023-02-20";"08:37";476;93;29.5;24.3
"2023-02-20";"08:27";478;94;29.5;24.2
"2023-02-20";"08:17";479;94;29.5;24.2
"2023-02-20";"08:08";481;92;29.5;24.2
"2023-02-20";"07:58";481;93;29.6;24.2
"2023-02-20";"07:48";481;93;29.6;24.2
"2023-02-20";"07:38";486;91;29.6;24.2
"2023-02-20";"07:28";480;92;29.6;24.2
"2023-02-20";"07:18";484;91;29.5;24.2
"2023-02-20";"07:09";483;91;29.6;24.2
"2023-02-20";"06:59";485;91;29.6;24.2
"2023-02-20";"06:49";489;91;29.6;24.2
"2023-02-20";"06:39";494;91;29.6;24.2
"2023-02-20";"06:29";498;89;29.6;24.2
"2023-02-20";"06:19";490;91;29.6;24.2
"2023-02-20";"06:10";486;91;29.6;24.2
"2023-02-20";"06:00";486;93;29.6;24.2
"2023-02-20";"05:50";491;93;29.6;24.2
"2023-02-20";"05:40";492;93;29.6;24.2
"2023-02-20";"05:30";494;93;29.6;24.2
"2023-02-20";"05:20";494;94;29.6;24.3
"2023-02-20";"05:11";494;95;29.6;24.2
"2023-02-20";"05:01";498;94;29.6;24.2
"2023-02-20";"04:51";496;96;29.5;24.2
"2023-02-20";"04:41";491;95;29.6;24.2
"2023-02-20";"04:31";490;94;29.6;24.2
"2023-02-20";"04:21";493;94;29.6;24.2
"2023-02-20";"04:13";494;95;29.5;24.3
"2023-02-20";"04:02";491;95;29.6;24.3
"2023-02-20";"03:52";489;95;29.6;24.3
"2023-02-20";"03:42";494;96;29.6;24.3
"2023-02-20";"03:32";493;95;29.6;24.2
"2023-02-20";"03:22";494;96;29.6;24.3
"2023-02-20";"03:14";489;96;29.6;24.2
"2023-02-20";"03:03";495;96;29.6;24.3
"2023-02-20";"02:53";489;95;29.6;24.2
"2023-02-20";"02:43";494;96;29.6;24.2
"2023-02-20";"02:33";492;95;29.6;24.2
"2023-02-20";"02:23";491;96;29.6;24.2
"2023-02-20";"02:15";497;97;29.6;24.2
"2023-02-20";"02:04";504;97;29.6;24.2
"2023-02-20";"01:54";508;95;29.6;24.2
"2023-02-20";"01:44";511;95;29.6;24.2
"2023-02-20";"01:34";516;94;29.6;24.2
"2023-02-20";"01:24";509;94;29.6;24.2
"2023-02-20";"01:16";509;94;29.6;24.2
"2023-02-20";"01:05";511;95;29.6;24.2
"2023-02-20";"00:55";504;95;29.6;24.3
"2023-02-20";"00:45";502;97;29.6;24.2
"2023-02-20";"00:35";506;97;29.6;24.2
"2023-02-20";"00:25";503;97;29.6;24.2
"2023-02-20";"00:17";499;98;29.6;24.2
"2023-02-20";"00:06";504;97;29.6;24.2
"2023-02-19";"23:56";502;97;29.6;24.2
"2023-02-19";"23:46";509;98;29.6;24.2
"2023-02-19";"23:36";503;98;29.6;24.2
"2023-02-19";"23:26";504;98;29.6;24.2
"2023-02-19";"23:17";504;97;29.6;24.2
"2023-02-19";"23:07";510;98;29.6;24.2
"2023-02-19";"22:57";511;97;29.6;24.2
"2023-02-19";"22:47";513;97;29.6;24.2
"2023-02-19";"22:37";508;99;29.6;24.2
"2023-02-19";"22:27";510;97;29.6;24.2
"2023-02-19";"22:19";507;95;29.6;24.2
"2023-02-19";"22:08";512;96;29.6;24.3
"2023-02-19";"21:58";504;96;29.6;24.2
"2023-02-19";"21:48";502;96;29.6;24.3
"2023-02-19";"21:38";504;95;29.6;24.2
"2023-02-19";"21:28";510;95;29.6;24.2
"2023-02-19";"21:20";515;96;29.6;24.2
"2023-02-19";"21:09";519;96;29.6;24.3
"2023-02-19";"20:59";520;97;29.6;24.3
"2023-02-19";"20:49";516;99;29.6;24.2
"2023-02-19";"20:39";515;99;29.5;24.2
"2023-02-19";"20:29";517;98;29.6;24.3
"2023-02-19";"20:21";515;99;29.5;24.3
"2023-02-19";"20:10";516;99;29.6;24.3
"2023-02-19";"20:00";511;98;29.6;24.3
"2023-02-19";"19:50";514;100;29.5;24.3
"2023-02-19";"19:40";500;97;29.6;24.3
"2023-02-19";"19:30";512;97;29.5;24.3
"2023-02-19";"19:22";510;99;29.5;24.3
"2023-02-19";"19:11";508;99;29.5;24.3
"2023-02-19";"19:01";507;99;29.5;24.4
"2023-02-19";"18:51";505;98;29.5;24.4
"2023-02-19";"18:41";516;100;29.5;24.4
"2023-02-19";"18:31";514;98;29.5;24.4
"2023-02-19";"18:23";511;98;29.5;24.4
"2023-02-19";"18:12";514;98;29.4;24.4
"2023-02-19";"18:02";520;98;29.4;24.5
"2023-02-19";"17:52";517;98;29.4;24.5
"2023-02-19";"17:42";517;99;29.4;24.5
"2023-02-19";"17:32";519;101;29.4;24.5
"2023-02-19";"17:24";514;100;29.3;24.5
"2023-02-19";"17:14";520;101;29.4;24.5
"2023-02-19";"17:03";524;100;29.3;24.5
"2023-02-19";"16:53";523;99;29.3;24.5
"2023-02-19";"16:43";518;100;29.3;24.5
"2023-02-19";"16:33";517;100;29.2;24.5
"2023-02-19";"16:25";516;96;29.3;24.6
"2023-02-19";"16:14";524;96;29.2;24.6
"2023-02-19";"16:04";521;96;29.2;24.5
"2023-02-19";"15:54";520;98;29.2;24.6
"2023-02-19";"15:44";527;100;29.2;24.6
"2023-02-19";"15:34";529;100;29.1;24.6
"2023-02-19";"15:26";529;99;29.1;24.6
"2023-02-19";"15:15";521;99;29.1;24.6
"2023-02-19";"15:05";524;98;29.1;24.7
"2023-02-19";"14:55";522;99;29.1;24.6
"2023-02-19";"14:45";520;98;29;24.6
"2023-02-19";"14:35";519;99;29;24.6
"2023-02-19";"14:27";522;99;29;24.7
"2023-02-19";"14:17";520;96;29;24.7
"2023-02-19";"14:06";523;96;29;24.7
"2023-02-19";"13:56";528;99;29;24.7
"2023-02-19";"13:46";527;98;29;24.7
"2023-02-19";"13:36";519;96;28.9;24.7
"2023-02-19";"13:28";516;98;29;24.7
"2023-02-19";"13:18";524;98;29;24.6
"2023-02-19";"13:07";526;96;28.9;24.6
"2023-02-19";"12:57";537;96;29;24.6
"2023-02-19";"12:47";530;97;29;24.6
"2023-02-19";"12:37";523;98;29;24.6
"2023-02-19";"12:29";526;97;28.9;24.6
"2023-02-19";"12:18";522;99;28.9;24.6
"2023-02-19";"12:08";525;98;29;24.5
"2023-02-19";"11:58";521;98;29;24.6
"2023-02-19";"11:48";510;97;29;24.6
"2023-02-19";"11:38";531;95;29;24.6
"2023-02-19";"11:30";530;95;29;24.5
"2023-02-19";"11:19";535;96;29;24.5
"2023-02-19";"11:09";530;95;29;24.4
"2023-02-19";"10:59";534;95;29.1;24.4
"2023-02-19";"10:49";538;94;29.1;24.3
"2023-02-19";"10:39";542;94;29.2;24.3
"2023-02-19";"10:31";545;94;29.3;24.2
"2023-02-19";"10:10";544;91;29.4;24.1
"2023-02-19";"10:00";547;91;29.4;24.1
"2023-02-19";"09:50";546;91;29.4;24.1
"2023-02-19";"09:40";542;92;29.4;24.1
"2023-02-19";"09:32";544;93;29.4;24.1
"2023-02-19";"09:21";545;92;29.4;24.1
"2023-02-19";"09:11";542;92;29.4;24.1
"2023-02-19";"09:01";551;93;29.4;24.1
"2023-02-19";"08:51";549;93;29.4;24.1
"2023-02-19";"08:41";553;92;29.5;24.1
"2023-02-19";"08:33";554;92;29.5;24.1
"2023-02-19";"08:22";555;95;29.4;24.1
"2023-02-19";"08:12";559;95;29.5;24.1
"2023-02-19";"08:02";556;95;29.5;24.1
"2023-02-19";"07:52";558;94;29.5;24.1
"2023-02-19";"07:42";560;95;29.5;24.1
"2023-02-19";"07:34";562;95;29.5;24.1
"2023-02-19";"07:24";558;94;29.5;24.1
"2023-02-19";"07:13";557;93;29.5;24.1
"2023-02-19";"07:03";557;94;29.5;24.1
"2023-02-19";"06:53";556;94;29.5;24.1
"2023-02-19";"06:43";559;94;29.4;24.1
"2023-02-19";"06:35";560;96;29.5;24.1
"2023-02-19";"06:25";563;95;29.5;24.1
"2023-02-19";"06:14";558;93;29.5;24.1
"2023-02-19";"06:04";559;94;29.5;24.1
"2023-02-19";"05:54";554;92;29.5;24.1
"2023-02-19";"05:44";554;93;29.5;24.1
"2023-02-19";"05:36";559;93;29.5;24.1
"2023-02-19";"05:26";559;96;29.5;24.1
"2023-02-19";"05:15";566;94;29.5;24.1
"2023-02-19";"05:05";563;95;29.5;24
"2023-02-19";"04:55";561;95;29.5;24.1
"2023-02-19";"04:45";561;96;29.5;24.1
"2023-02-19";"04:37";561;97;29.5;24.1
"2023-02-19";"04:27";563;96;29.5;24.1
"2023-02-19";"04:16";568;94;29.5;24.1
"2023-02-19";"04:06";571;93;29.5;24.1
"2023-02-19";"03:56";567;93;29.5;24.1
"2023-02-19";"03:46";566;94;29.5;24.1
"2023-02-19";"03:38";571;94;29.5;24.1
"2023-02-19";"03:28";570;93;29.5;24.1
"2023-02-19";"03:18";570;92;29.5;24.1
"2023-02-19";"03:07";577;92;29.5;24.1
"2023-02-19";"02:57";576;96;29.5;24.1
"2023-02-19";"02:47";570;94;29.5;24.1
"2023-02-19";"02:39";577;98;29.5;24.1
"2023-02-19";"02:29";573;100;29.5;24.1
"2023-02-19";"02:18";569;101;29.5;24.1
"2023-02-19";"02:08";574;100;29.5;24.1
"2023-02-19";"01:58";579;100;29.5;24.1
"2023-02-19";"01:48";579;99;29.5;24.1
"2023-02-19";"01:40";575;99;29.5;24.1
"2023-02-19";"01:29";570;97;29.5;24.1
"2023-02-19";"01:19";571;98;29.5;24.1
"2023-02-19";"01:09";572;98;29.5;24.1
"2023-02-19";"00:59";569;99;29.5;24.1
"2023-02-19";"00:49";572;98;29.5;24.2
"2023-02-19";"00:41";579;98;29.5;24.1
"2023-02-19";"00:31";583;98;29.5;24.1
"2023-02-19";"00:20";583;98;29.5;24.1
"2023-02-19";"00:10";588;95;29.5;24.1
"2023-02-19";"00:00";591;95;29.5;24.1
"2023-02-18";"23:50";584;97;29.5;24.2
"2023-02-18";"23:42";584;97;29.5;24.2
"2023-02-18";"23:32";587;96;29.5;24.2
"2023-02-18";"23:21";591;96;29.5;24.2
"2023-02-18";"23:11";595;96;29.5;24.2
"2023-02-18";"23:01";591;95;29.5;24.2
"2023-02-18";"22:51";591;95;29.5;24.2
"2023-02-18";"22:43";593;97;29.5;24.2
"2023-02-18";"22:33";600;96;29.5;24.2
"2023-02-18";"22:22";607;95;29.5;24.1
"2023-02-18";"22:12";612;96;29.5;24.2
"2023-02-18";"22:02";612;97;29.5;24.2
"2023-02-18";"21:52";611;97;29.5;24.2
"2023-02-18";"21:44";611;96;29.4;24.2
"2023-02-18";"21:34";612;95;29.5;24.2
"2023-02-18";"21:23";605;95;29.5;24.2
"2023-02-18";"21:13";605;94;29.5;24.2
"2023-02-18";"21:03";600;94;29.4;24.2
"2023-02-18";"20:53";606;94;29.4;24.2
"2023-02-18";"20:45";607;94;29.4;24.2
"2023-02-18";"20:35";606;95;29.4;24.2
"2023-02-18";"20:24";607;95;29.4;24.2
"2023-02-18";"20:14";607;96;29.4;24.2
"2023-02-18";"20:04";609;94;29.4;24.2
"2023-02-18";"19:54";607;94;29.4;24.3
"2023-02-18";"19:46";603;96;29.4;24.2
"2023-02-18";"19:36";600;96;29.4;24.2
"2023-02-18";"19:25";609;95;29.4;24.3
"2023-02-18";"19:15";605;95;29.4;24.2
"2023-02-18";"19:05";616;95;29.4;24.2
"2023-02-18";"18:55";617;96;29.4;24.3
"2023-02-18";"18:47";617;95;29.4;24.3
"2023-02-18";"18:37";618;94;29.3;24.3
"2023-02-18";"18:26";622;95;29.3;24.3
"2023-02-18";"18:16";621;95;29.3;24.3
"2023-02-18";"18:06";620;94;29.3;24.3
"2023-02-18";"17:56";629;96;29.3;24.4
"2023-02-18";"17:48";625;96;29.3;24.4
"2023-02-18";"17:38";623;96;29.3;24.4
"2023-02-18";"17:27";626;95;29.3;24.4
"2023-02-18";"17:17";623;96;29.2;24.4
"2023-02-18";"17:07";625;96;29.2;24.4
"2023-02-18";"16:57";631;96;29.2;24.4
"2023-02-18";"16:49";639;98;29.2;24.4
"2023-02-18";"16:38";643;100;29.2;24.4
"2023-02-18";"16:28";642;97;29.1;24.5
"2023-02-18";"16:18";645;95;29.2;24.5
"2023-02-18";"16:08";647;96;29.1;24.5
"2023-02-18";"15:58";641;98;29.1;24.5
"2023-02-18";"15:49";646;97;29.1;24.5
"2023-02-18";"15:39";644;97;29.1;24.5
"2023-02-18";"15:29";641;97;29.1;24.5
"2023-02-18";"15:19";647;96;29;24.5
"2023-02-18";"15:09";650;96;29;24.5
"2023-02-18";"14:59";647;97;29;24.6
"2023-02-18";"14:50";654;97;29;24.6
"2023-02-18";"14:40";651;97;29;24.6
"2023-02-18";"14:30";654;97;29;24.6
"2023-02-18";"14:20";653;99;28.9;24.6
"2023-02-18";"14:10";656;97;28.9;24.6
"2023-02-18";"14:00";660;95;28.9;24.6
"2023-02-18";"13:51";666;98;28.9;24.6
"2023-02-18";"13:41";663;100;28.9;24.6
"2023-02-18";"13:31";671;98;28.9;24.6
"2023-02-18";"13:21";666;95;28.9;24.6
"2023-02-18";"13:11";666;96;28.9;24.6
"2023-02-18";"13:00";665;95;28.9;24.6
"2023-02-18";"12:52";668;96;28.9;24.6
"2023-02-18";"12:42";674;97;28.9;24.6
"2023-02-18";"12:32";675;96;28.9;24.5
"2023-02-18";"12:22";680;97;28.9;24.6
"2023-02-18";"12:11";681;94;28.9;24.5
"2023-02-18";"12:01";676;96;28.9;24.5
"2023-02-18";"11:53";679;96;28.9;24.5
"2023-02-18";"11:43";684;95;28.9;24.5
"2023-02-18";"11:33";685;96;28.9;24.5
"2023-02-18";"11:22";684;93;29;24.5
"2023-02-18";"11:12";685;93;29;24.4
"2023-02-18";"11:02";695;93;29;24.4
"2023-02-18";"10:54";696;92;29.1;24.4
"2023-02-18";"10:44";692;94;29.2;24.2
"2023-02-18";"10:33";700;94;29.2;24.2
"2023-02-18";"10:23";694;95;29.3;24.2
"2023-02-18";"10:13";693;95;29.3;24.1
"2023-02-18";"10:03";690;94;29.3;24.1
"2023-02-18";"09:55";690;96;29.3;24.1
"2023-02-18";"09:44";698;97;29.3;24.1
"2023-02-18";"09:34";699;97;29.3;24.1
"2023-02-18";"09:24";705;97;29.3;24.1
"2023-02-18";"09:14";711;98;29.3;24.1
"2023-02-18";"09:04";715;96;29.3;24.1
"2023-02-18";"08:55";712;95;29.3;24.1
"2023-02-18";"08:45";713;96;29.4;24.1
"2023-02-18";"08:35";718;96;29.4;24
"2023-02-18";"08:25";718;95;29.4;24
"2023-02-18";"08:15";726;96;29.4;24.1
"2023-02-18";"08:05";730;98;29.4;24
"2023-02-18";"07:57";729;98;29.4;24
"2023-02-18";"07:46";731;97;29.4;24
"2023-02-18";"07:36";738;99;29.4;24
"2023-02-18";"07:26";736;99;29.4;24
"2023-02-18";"07:16";736;99;29.4;24
"2023-02-18";"07:06";743;101;29.4;24
"2023-02-18";"06:58";741;101;29.4;24
"2023-02-18";"06:47";741;103;29.4;24
"2023-02-18";"06:37";746;102;29.4;24
"2023-02-18";"06:27";748;100;29.4;24
"2023-02-18";"06:17";750;102;29.4;24
"2023-02-18";"06:07";752;102;29.4;24
"2023-02-18";"05:58";756;102;29.4;24
"2023-02-18";"05:48";752;104;29.4;24
"2023-02-18";"05:38";754;105;29.4;24
"2023-02-18";"05:28";758;107;29.4;24
"2023-02-18";"05:18";767;106;29.4;24
"2023-02-18";"05:08";760;104;29.4;24
"2023-02-18";"04:59";753;107;29.4;24
"2023-02-18";"04:49";758;107;29.5;24
"2023-02-18";"04:39";761;106;29.5;24
"2023-02-18";"04:29";772;108;29.5;24
"2023-02-18";"04:19";781;108;29.5;24
"2023-02-18";"04:09";776;107;29.4;24
"2023-02-18";"04:00";775;107;29.4;24
"2023-02-18";"03:50";774;109;29.5;24
"2023-02-18";"03:40";782;112;29.4;24
"2023-02-18";"03:30";781;112;29.5;24
"2023-02-18";"03:20";786;113;29.5;24
"2023-02-18";"03:10";789;114;29.5;24
"2023-02-18";"03:01";795;115;29.5;24
"2023-02-18";"02:51";801;113;29.5;24
"2023-02-18";"02:41";792;114;29.5;24
"2023-02-18";"02:31";793;116;29.5;24
"2023-02-18";"02:21";803;114;29.5;24
"2023-02-18";"02:11";809;113;29.5;24
"2023-02-18";"02:02";813;115;29.5;24
"2023-02-18";"01:52";805;115;29.5;24
"2023-02-18";"01:42";805;115;29.5;24
"2023-02-18";"01:32";805;117;29.5;24
"2023-02-18";"01:22";807;116;29.5;24
"2023-02-18";"01:12";815;120;29.5;24
"2023-02-18";"01:03";809;122;29.5;24
"2023-02-18";"00:53";812;122;29.5;24.1
"2023-02-18";"00:43";815;125;29.5;24
"2023-02-18";"00:33";813;125;29.5;24
"2023-02-18";"00:23";814;125;29.5;24
"2023-02-18";"00:13";815;123;29.5;24
"2023-02-18";"00:04";825;124;29.5;24.1
"2023-02-17";"23:54";824;123;29.5;24.1
"2023-02-17";"23:44";830;124;29.5;24.1
"2023-02-17";"23:34";833;127;29.5;24.1
"2023-02-17";"23:24";839;127;29.6;24.1
"2023-02-17";"23:14";835;127;29.5;24
"2023-02-17";"23:05";828;126;29.5;24.1
"2023-02-17";"22:55";835;126;29.6;24.1
"2023-02-17";"22:45";840;125;29.5;24.1
"2023-02-17";"22:35";838;126;29.5;24.1
"2023-02-17";"22:25";844;128;29.6;24.1
"2023-02-17";"22:15";843;126;29.6;24.1
"2023-02-17";"22:06";853;127;29.6;24.1
"2023-02-17";"21:56";859;128;29.6;24.1
"2023-02-17";"21:46";854;130;29.6;24.2
"2023-02-17";"21:36";857;129;29.6;24.2
"2023-02-17";"21:26";855;131;29.6;24.2
"2023-02-17";"21:16";874;130;29.6;24.1
"2023-02-17";"21:07";880;133;29.6;24.2
"2023-02-17";"20:57";887;135;29.6;24.2
"2023-02-17";"20:47";887;133;29.7;24.2
"2023-02-17";"20:37";890;134;29.7;24.2
"2023-02-17";"20:27";895;135;29.7;24.2
"2023-02-17";"20:17";894;131;29.7;24.2
"2023-02-17";"20:08";897;134;29.7;24.2
"2023-02-17";"19:58";894;134;29.7;24.2
"2023-02-17";"19:48";899;136;29.7;24.2
"2023-02-17";"19:38";904;137;29.8;24.2
"2023-02-17";"19:27";904;139;29.9;24.2
"2023-02-17";"19:17";906;139;29.9;24.3
"2023-02-17";"19:09";898;141;30;24.3
"2023-02-17";"18:59";900;138;30.1;24.3
"2023-02-17";"18:48";848;134;30.2;24.3
"2023-02-17";"18:38";782;128;29.8;24.3
"2023-02-17";"18:28";703;117;29.4;24.2
"2023-02-17";"18:18";696;113;29;24.2
"2023-02-17";"18:10";694;113;29;24.1
"2023-02-17";"17:59";693;114;29;24.1
"2023-02-17";"17:49";691;114;29;24.2
"2023-02-17";"17:39";692;114;29;24.2
"2023-02-17";"17:29";696;113;29;24.2
"2023-02-17";"17:19";694;113;28.9;24.1
"2023-02-17";"17:10";696;113;28.9;24.1
"2023-02-17";"17:00";694;111;28.9;24.2
"2023-02-17";"16:50";689;111;28.9;24.2
"2023-02-17";"16:40";682;112;28.9;24.2
"2023-02-17";"16:30";681;111;28.9;24.2
"2023-02-17";"16:20";677;113;28.9;24.2
"2023-02-17";"16:11";679;111;28.9;24.2
"2023-02-17";"16:01";677;110;28.9;24.2
"2023-02-17";"15:51";680;109;28.9;24.2
"2023-02-17";"15:41";692;110;28.9;24.2
"2023-02-17";"15:31";685;109;28.8;24.2
"2023-02-17";"15:21";683;108;28.9;24.3
"2023-02-17";"15:12";684;105;28.8;24.3
"2023-02-17";"15:02";668;106;28.8;24.2
"2023-02-17";"14:52";663;107;28.8;24.3
"2023-02-17";"14:42";663;106;28.8;24.3
"2023-02-17";"14:32";660;107;28.8;24.3
"2023-02-17";"14:22";656;105;28.8;24.3
"2023-02-17";"14:13";660;106;28.7;24.3
"2023-02-17";"14:03";660;104;28.7;24.3
"2023-02-17";"13:53";665;104;28.7;24.3
"2023-02-17";"13:43";667;105;28.7;24.3
"2023-02-17";"13:33";663;104;28.7;24.3
"2023-02-17";"13:23";661;101;28.7;24.3
"2023-02-17";"13:14";653;103;28.7;24.4
"2023-02-17";"13:04";658;101;28.6;24.4
"2023-02-17";"12:54";657;100;28.7;24.4
"2023-02-17";"12:44";660;99;28.6;24.4
"2023-02-17";"12:34";665;98;28.6;24.4
"2023-02-17";"12:23";668;99;28.6;24.4
"2023-02-17";"12:15";665;100;28.6;24.4
"2023-02-17";"12:05";669;100;28.5;24.4
"2023-02-17";"11:55";670;102;28.5;24.4
"2023-02-17";"11:45";669;102;28.5;24.5
"2023-02-17";"11:34";663;100;28.4;24.5
"2023-02-17";"11:24";667;99;28.6;24.3
"2023-02-17";"11:16";670;99;28.5;24.3
"2023-02-17";"11:06";672;97;28.6;24.3
"2023-02-17";"10:56";670;98;28.6;24.3
"2023-02-17";"10:45";660;99;28.6;24.3
"2023-02-17";"10:35";667;96;28.6;24.3
"2023-02-17";"10:25";666;96;28.6;24.2
"2023-02-17";"10:17";667;97;28.7;24.2
"2023-02-17";"10:07";674;96;28.7;24.2
"2023-02-17";"09:57";675;96;28.7;24.2
"2023-02-17";"09:46";674;96;28.7;24.1
"2023-02-17";"09:36";672;97;28.8;24.1
"2023-02-17";"09:26";674;98;28.8;24.1
"2023-02-17";"09:18";676;97;28.8;24
"2023-02-17";"09:08";672;98;28.8;24
"2023-02-17";"08:57";673;99;28.9;24
"2023-02-17";"08:47";679;101;28.9;24
"2023-02-17";"08:37";675;101;28.9;24
"2023-02-17";"08:27";678;102;28.9;24
"2023-02-17";"08:19";679;102;28.9;23.9
"2023-02-17";"08:09";684;101;29;23.9
"2023-02-17";"07:58";682;100;29;23.8
"2023-02-17";"07:48";682;101;29;23.8
"2023-02-17";"07:38";686;103;29;23.8
"2023-02-17";"07:28";684;103;29;23.8
"2023-02-17";"07:20";688;102;29;23.8
"2023-02-17";"07:10";691;104;29;23.8
"2023-02-17";"06:59";687;104;29;23.8
"2023-02-17";"06:49";690;104;29;23.8
"2023-02-17";"06:39";694;104;29;23.8
"2023-02-17";"06:29";694;106;29;23.8
"2023-02-17";"06:21";696;105;29;23.8
"2023-02-17";"06:10";699;104;29;23.8
"2023-02-17";"06:00";703;102;29;23.8
"2023-02-17";"05:50";705;103;29.1;23.8
"2023-02-17";"05:40";703;105;29.1;23.8
"2023-02-17";"05:30";715;105;29;23.8
"2023-02-17";"05:22";712;105;29;23.8
"2023-02-17";"05:11";712;106;29;23.8
"2023-02-17";"05:01";715;107;29.1;23.8
"2023-02-17";"04:51";717;109;29.1;23.7
"2023-02-17";"04:41";713;109;29.1;23.8
"2023-02-17";"04:31";716;109;29.1;23.8
"2023-02-17";"04:23";717;109;29.1;23.8
"2023-02-17";"04:12";722;110;29.1;23.8
"2023-02-17";"04:02";724;110;29.1;23.8
"2023-02-17";"03:52";731;112;29.1;23.8
"2023-02-17";"03:42";731;112;29.1;23.8
"2023-02-17";"03:32";733;111;29.1;23.8
"2023-02-17";"03:23";734;113;29.1;23.8
"2023-02-17";"03:13";733;113;29.1;23.8
"2023-02-17";"03:03";732;115;29.1;23.8
"2023-02-17";"02:53";741;114;29.1;23.8
"2023-02-17";"02:43";737;116;29.1;23.8
"2023-02-17";"02:33";732;117;29.1;23.8
"2023-02-17";"02:24";739;118;29.1;23.8
"2023-02-17";"02:14";743;121;29.1;23.8
"2023-02-17";"02:04";745;120;29.2;23.8
"2023-02-17";"01:54";749;119;29.2;23.8
"2023-02-17";"01:44";751;119;29.1;23.8
"2023-02-17";"01:34";757;121;29.1;23.8
"2023-02-17";"01:25";758;121;29.1;23.8
"2023-02-17";"01:15";763;122;29.1;23.8
"2023-02-17";"01:05";763;121;29.1;23.8
"2023-02-17";"00:55";767;125;29.1;23.8
"2023-02-17";"00:45";769;126;29.1;23.9
"2023-02-17";"00:35";766;128;29.2;23.8
"2023-02-17";"00:26";773;128;29.1;23.8
"2023-02-17";"00:16";779;128;29.1;23.9
"2023-02-17";"00:06";776;129;29.1;23.8
"2023-02-16";"23:56";784;128;29.1;23.8
"2023-02-16";"23:46";789;128;29.1;23.9
"2023-02-16";"23:36";791;129;29.1;23.9
"2023-02-16";"23:27";789;129;29.1;23.9
"2023-02-16";"23:17";786;128;29.1;23.9
"2023-02-16";"23:07";787;126;29.1;23.9
"2023-02-16";"22:57";787;130;29.1;23.8
"2023-02-16";"22:47";788;130;29.1;23.9
"2023-02-16";"22:37";793;130;29.2;23.9
"2023-02-16";"22:28";801;131;29.2;23.9
"2023-02-16";"22:18";789;133;29.1;24
"2023-02-16";"22:08";792;132;29.2;24
"2023-02-16";"21:58";794;132;29.1;24
"2023-02-16";"21:48";797;133;29.1;24
"2023-02-16";"21:38";800;134;29.1;24
"2023-02-16";"21:29";791;137;29.2;24
"2023-02-16";"21:19";798;137;29.1;24
"2023-02-16";"21:09";804;136;29.1;24
"2023-02-16";"20:59";803;135;29.1;24
"2023-02-16";"20:49";802;135;29.1;24
"2023-02-16";"20:38";805;134;29.2;24
"2023-02-16";"20:30";800;134;29.2;24
"2023-02-16";"20:20";802;140;29.2;24.1
"2023-02-16";"20:10";804;139;29.2;24.1
"2023-02-16";"20:00";805;140;29.2;24.1
"2023-02-16";"19:50";810;142;29.2;24.1
"2023-02-16";"19:40";809;143;29.2;24.1
"2023-02-16";"19:31";810;142;29.2;24.1
"2023-02-16";"19:21";813;142;29.2;24.1
"2023-02-16";"19:11";815;143;29.2;24.1
"2023-02-16";"19:01";818;142;29.3;24.1
"2023-02-16";"18:51";820;146;29.3;24.1
"2023-02-16";"18:40";821;150;29.3;24.2
"2023-02-16";"18:32";787;150;29.4;24.1
"2023-02-16";"18:22";701;138;29.1;24.1
"2023-02-16";"18:12";679;132;28.9;24.1
"2023-02-16";"18:02";681;134;28.8;24.1
"2023-02-16";"17:52";675;135;28.7;24.1
"2023-02-16";"17:41";677;135;28.7;24.1
"2023-02-16";"17:33";666;133;28.7;24.1
"2023-02-16";"17:23";665;133;28.7;24.1
"2023-02-16";"17:13";671;133;28.7;24.1
"2023-02-16";"17:03";668;133;28.7;24.1
"2023-02-16";"16:53";666;132;28.7;24.1
"2023-02-16";"16:42";657;131;28.7;24.1
"2023-02-16";"16:34";656;132;28.6;24.1
"2023-02-16";"16:24";659;129;28.6;24.1
"2023-02-16";"16:14";654;130;28.6;24.2
"2023-02-16";"16:04";654;130;28.6;24.2
"2023-02-16";"15:53";648;128;28.6;24.3
"2023-02-16";"15:43";652;129;28.5;24.3
"2023-02-16";"15:35";650;130;28.5;24.3
"2023-02-16";"15:25";647;130;28.5;24.3
"2023-02-16";"15:15";644;129;28.5;24.3
"2023-02-16";"15:04";648;130;28.4;24.3
"2023-02-16";"14:54";649;130;28.4;24.4
"2023-02-16";"14:44";653;131;28.4;24.3
"2023-02-16";"14:36";649;133;28.4;24.3
"2023-02-16";"14:26";648;132;28.4;24.4
"2023-02-16";"14:16";646;131;28.4;24.3
"2023-02-16";"14:05";641;133;28.4;24.4
"2023-02-16";"13:55";646;135;28.4;24.4
"2023-02-16";"13:45";639;135;28.3;24.4
"2023-02-16";"13:37";644;134;28.3;24.4
"2023-02-16";"13:27";643;134;28.3;24.4
"2023-02-16";"13:16";635;133;28.3;24.4
"2023-02-16";"13:06";642;133;28.3;24.4
"2023-02-16";"12:56";646;131;28.3;24.4
"2023-02-16";"12:46";645;128;28.3;24.4
"2023-02-16";"12:38";645;125;28.3;24.4
"2023-02-16";"12:28";641;124;28.3;24.3
"2023-02-16";"12:17";632;125;28.3;24.4
"2023-02-16";"12:07";630;123;28.3;24.3
"2023-02-16";"11:57";624;123;28.3;24.3
"2023-02-16";"11:47";618;123;28.3;24.3
"2023-02-16";"11:39";619;118;28.2;24.4
"2023-02-16";"11:29";621;115;28.3;24.2
"2023-02-16";"11:18";621;112;28.4;24.2
"2023-02-16";"11:08";615;109;28.4;24.2
"2023-02-16";"10:58";614;105;28.4;24.1
"2023-02-16";"10:48";613;102;28.5;24.1
"2023-02-16";"10:40";614;102;28.5;24.1
"2023-02-16";"10:30";611;101;28.6;24
"2023-02-16";"10:09";616;102;28.6;24
"2023-02-16";"09:59";619;101;28.6;24
"2023-02-16";"09:49";617;98;28.6;24
"2023-02-16";"09:41";621;100;28.6;23.9
"2023-02-16";"09:31";620;100;28.7;23.9
"2023-02-16";"09:20";626;101;28.7;23.9
"2023-02-16";"09:10";623;101;28.7;23.9
"2023-02-16";"09:00";629;99;28.7;23.8
"2023-02-16";"08:50";626;101;28.8;23.8
"2023-02-16";"08:42";622;104;28.8;23.8
"2023-02-16";"08:32";624;103;28.8;23.7
"2023-02-16";"08:21";630;105;28.8;23.7
"2023-02-16";"08:11";629;103;28.8;23.7
"2023-02-16";"08:01";633;102;28.9;23.7
"2023-02-16";"07:51";639;103;28.9;23.7
"2023-02-16";"07:43";631;104;28.9;23.6
"2023-02-16";"07:33";626;106;28.9;23.7
"2023-02-16";"07:22";634;106;28.9;23.6
"2023-02-16";"07:12";640;105;28.9;23.6
"2023-02-16";"07:02";644;106;28.9;23.6
"2023-02-16";"06:52";639;105;28.9;23.6
"2023-02-16";"06:44";635;107;28.9;23.6
"2023-02-16";"06:34";637;107;28.9;23.6
"2023-02-16";"06:24";652;108;28.9;23.6
"2023-02-16";"06:13";656;109;29;23.6
"2023-02-16";"06:03";656;108;29;23.6
"2023-02-16";"05:53";656;108;29;23.6
"2023-02-16";"05:45";655;108;29;23.6
"2023-02-16";"05:35";659;108;29;23.6
"2023-02-16";"05:24";662;108;29;23.6
"2023-02-16";"05:14";665;108;29;23.6
"2023-02-16";"05:04";662;110;29;23.6
"2023-02-16";"04:54";658;109;29;23.6
"2023-02-16";"04:46";666;110;29;23.6
"2023-02-16";"04:36";662;109;29;23.6
"2023-02-16";"04:25";668;109;29;23.6
"2023-02-16";"04:15";671;109;29;23.6
"2023-02-16";"04:05";673;108;29;23.7
"2023-02-16";"03:55";675;109;29;23.6
"2023-02-16";"03:47";679;108;29;23.6
"2023-02-16";"03:37";680;109;29;23.7
"2023-02-16";"03:26";693;109;29;23.6
"2023-02-16";"03:16";692;109;29;23.6
"2023-02-16";"03:06";695;112;29;23.7
"2023-02-16";"02:56";685;113;29;23.6
"2023-02-16";"02:48";685;113;29;23.7
"2023-02-16";"02:37";686;114;29;23.7
"2023-02-16";"02:27";689;113;29;23.7
"2023-02-16";"02:17";697;111;29;23.7
"2023-02-16";"02:07";698;113;29;23.7
"2023-02-16";"01:57";699;112;29;23.7
"2023-02-16";"01:49";690;117;29;23.7
"2023-02-16";"01:38";700;116;29;23.7
"2023-02-16";"01:28";701;118;29;23.7
"2023-02-16";"01:18";705;117;29;23.7
"2023-02-16";"01:08";711;117;29;23.7
"2023-02-16";"00:58";708;116;29;23.7
"2023-02-16";"00:50";703;117;29;23.7
"2023-02-16";"00:39";706;117;29;23.7
"2023-02-16";"00:29";713;117;29;23.7
"2023-02-16";"00:19";708;118;29;23.7
"2023-02-16";"00:09";712;117;29;23.7
"2023-02-15";"23:59";712;118;29.1;23.7
"2023-02-15";"23:51";714;118;29;23.7
"2023-02-15";"23:40";719;119;29;23.7
"2023-02-15";"23:30";726;120;29;23.7
"2023-02-15";"23:20";719;119;29.1;23.7
"2023-02-15";"23:10";721;119;29.1;23.7
"2023-02-15";"23:00";728;121;29;23.7
"2023-02-15";"22:52";722;119;29;23.8
"2023-02-15";"22:41";719;119;29.1;23.7
"2023-02-15";"22:31";722;120;29;23.7
"2023-02-15";"22:21";721;121;29;23.8
"2023-02-15";"22:11";723;122;29;23.8
"2023-02-15";"22:01";727;124;29;23.8
"2023-02-15";"21:53";729;124;29;23.8
"2023-02-15";"21:42";734;125;29;23.8
"2023-02-15";"21:32";728;127;29.1;23.8
"2023-02-15";"21:22";736;128;29;23.8
"2023-02-15";"21:12";739;130;29;23.9
"2023-02-15";"21:02";743;129;29;23.8
"2023-02-15";"20:54";742;129;29;23.9
"2023-02-15";"20:43";745;129;29.1;23.9
"2023-02-15";"20:33";748;130;29;23.9
"2023-02-15";"20:23";753;131;29.1;23.9
"2023-02-15";"20:13";754;133;29.1;23.9
"2023-02-15";"20:03";755;134;29.1;23.9
"2023-02-15";"19:55";758;135;29.1;23.9
"2023-02-15";"19:45";764;136;29.2;23.9
"2023-02-15";"19:34";766;137;29.2;23.9
"2023-02-15";"19:24";762;137;29.1;23.8
"2023-02-15";"19:14";761;138;29.2;23.9
"2023-02-15";"19:04";746;140;29.2;23.9
"2023-02-15";"18:56";725;141;29.3;23.9
"2023-02-15";"18:46";683;133;29.1;23.9
"2023-02-15";"18:35";664;128;28.7;23.9
"2023-02-15";"18:25";665;128;28.7;23.9
"2023-02-15";"18:15";659;126;28.7;23.9
"2023-02-15";"18:05";657;125;28.6;24
"2023-02-15";"17:57";660;125;28.7;24
"2023-02-15";"17:46";657;126;28.7;24
"2023-02-15";"17:36";658;125;28.6;24
"2023-02-15";"17:26";657;124;28.6;24
"2023-02-15";"17:16";647;124;28.6;24
"2023-02-15";"17:06";649;126;28.6;24
"2023-02-15";"16:58";653;125;28.6;24
"2023-02-15";"16:47";659;125;28.6;24
"2023-02-15";"16:37";652;126;28.6;24
"2023-02-15";"16:27";651;126;28.7;24
"2023-02-15";"16:17";648;127;28.6;24
"2023-02-15";"16:07";644;126;28.6;24
"2023-02-15";"15:59";646;127;28.5;24
"2023-02-15";"15:48";641;131;28.5;24
"2023-02-15";"15:38";636;129;28.5;24.1
"2023-02-15";"15:28";637;130;28.5;24.1
"2023-02-15";"15:18";633;129;28.5;24.1
"2023-02-15";"15:08";630;129;28.5;24.1
"2023-02-15";"14:59";633;132;28.4;24.1
"2023-02-15";"14:49";631;131;28.4;24.1
"2023-02-15";"14:39";625;130;28.4;24.1
"2023-02-15";"14:29";622;129;28.4;24.1
"2023-02-15";"14:19";624;128;28.4;24.1
"2023-02-15";"14:09";617;127;28.4;24.1
"2023-02-15";"14:00";613;129;28.4;24.1
"2023-02-15";"13:50";617;129;28.4;24.1
"2023-02-15";"13:40";619;128;28.4;24.1
"2023-02-15";"13:30";615;127;28.5;24.1
"2023-02-15";"13:20";609;127;28.4;24
"2023-02-15";"13:10";610;126;28.5;24
"2023-02-15";"13:01";609;126;28.5;24
"2023-02-15";"12:51";599;127;28.5;24
"2023-02-15";"12:41";598;125;28.6;23.9
"2023-02-15";"12:31";595;124;28.6;23.8
"2023-02-15";"12:21";591;124;28.6;23.8
"2023-02-15";"12:11";589;124;28.6;23.8
"2023-02-15";"12:02";592;121;28.6;23.8
"2023-02-15";"11:52";587;120;28.6;23.8
"2023-02-15";"11:42";581;119;28.7;23.8
"2023-02-15";"11:32";575;116;28.6;23.8
"2023-02-15";"11:22";583;116;28.7;23.8
"2023-02-15";"11:12";578;116;28.7;23.8
"2023-02-15";"11:03";585;117;28.7;23.8
"2023-02-15";"10:53";585;114;28.7;23.8
"2023-02-15";"10:43";586;114;28.7;23.8
"2023-02-15";"10:33";588;113;28.7;23.8
"2023-02-15";"10:23";588;112;28.7;23.8
"2023-02-15";"10:13";585;114;28.7;23.7
"2023-02-15";"10:04";584;116;28.7;23.7
"2023-02-15";"09:54";583;115;28.7;23.8
"2023-02-15";"09:44";581;115;28.7;23.8
"2023-02-15";"09:34";590;116;28.7;23.8
"2023-02-15";"09:24";595;115;28.7;23.8
"2023-02-15";"09:14";599;114;28.7;23.8
"2023-02-15";"09:06";601;114;28.7;23.8
"2023-02-15";"08:55";596;114;28.7;23.8
"2023-02-15";"08:45";604;116;28.7;23.7
"2023-02-15";"08:35";605;116;28.7;23.8
"2023-02-15";"08:25";603;116;28.7;23.8
"2023-02-15";"08:15";606;115;28.7;23.7
"2023-02-15";"08:06";608;116;28.7;23.7
"2023-02-15";"07:56";604;116;28.7;23.8
"2023-02-15";"07:46";604;116;28.7;23.7
"2023-02-15";"07:36";601;117;28.7;23.8
"2023-02-15";"07:26";600;115;28.7;23.7
"2023-02-15";"07:16";598;115;28.8;23.8
"2023-02-15";"07:07";604;116;28.7;23.8
"2023-02-15";"06:57";603;116;28.7;23.7
"2023-02-15";"06:47";605;116;28.7;23.8
"2023-02-15";"06:37";610;116;28.7;23.8
"2023-02-15";"06:27";609;118;28.7;23.8
"2023-02-15";"06:17";608;118;28.7;23.7
"2023-02-15";"06:08";613;118;28.7;23.8
"2023-02-15";"05:58";613;118;28.8;23.7
"2023-02-15";"05:48";613;117;28.8;23.7
"2023-02-15";"05:38";616;119;28.8;23.7
"2023-02-15";"05:28";618;119;28.8;23.7
"2023-02-15";"05:18";618;120;28.7;23.7
"2023-02-15";"05:09";615;120;28.7;23.7
"2023-02-15";"04:59";616;119;28.8;23.7
"2023-02-15";"04:49";620;118;28.8;23.7
"2023-02-15";"04:39";625;119;28.8;23.7
"2023-02-15";"04:29";626;119;28.8;23.7
"2023-02-15";"04:19";622;119;28.8;23.7
"2023-02-15";"04:10";621;118;28.8;23.7
"2023-02-15";"04:00";622;119;28.8;23.7
"2023-02-15";"03:50";624;119;28.8;23.7
"2023-02-15";"03:40";625;119;28.8;23.7
"2023-02-15";"03:30";623;118;28.8;23.7
"2023-02-15";"03:20";621;117;28.8;23.7
"2023-02-15";"03:11";616;118;28.8;23.7
"2023-02-15";"03:01";618;118;28.8;23.7
"2023-02-15";"02:51";622;117;28.8;23.7
"2023-02-15";"02:41";625;116;28.8;23.7
"2023-02-15";"02:31";624;117;28.8;23.7
"2023-02-15";"02:21";625;116;28.8;23.7
"2023-02-15";"02:11";627;117;28.7;23.8
"2023-02-15";"02:02";631;116;28.8;23.7
"2023-02-15";"01:52";638;119;28.8;23.7
"2023-02-15";"01:42";637;119;28.8;23.7
"2023-02-15";"01:32";636;119;28.7;23.7
"2023-02-15";"01:22";632;120;28.8;23.8
"2023-02-15";"01:12";635;120;28.8;23.7
"2023-02-15";"01:03";626;121;28.8;23.7
"2023-02-15";"00:53";632;120;28.8;23.7
"2023-02-15";"00:43";638;119;28.8;23.7
"2023-02-15";"00:33";641;120;28.7;23.8
"2023-02-15";"00:23";642;119;28.7;23.8
"2023-02-15";"00:13";643;120;28.7;23.8
"2023-02-15";"00:04";634;119;28.7;23.8
"2023-02-14";"23:54";636;118;28.7;23.8
"2023-02-14";"23:44";637;118;28.7;23.7
"2023-02-14";"23:34";637;116;28.8;23.8
"2023-02-14";"23:24";630;115;28.7;23.8
"2023-02-14";"23:14";635;114;28.7;23.7
"2023-02-14";"23:05";633;115;28.7;23.8
"2023-02-14";"22:55";638;114;28.7;23.8
"2023-02-14";"22:45";640;112;28.7;23.8
"2023-02-14";"22:35";637;112;28.7;23.8
"2023-02-14";"22:25";639;111;28.7;23.8
"2023-02-14";"22:15";633;110;28.7;23.8
"2023-02-14";"22:06";638;109;28.6;23.8
"2023-02-14";"21:56";638;108;28.7;23.9
"2023-02-14";"21:46";645;106;28.7;23.9
"2023-02-14";"21:36";638;106;28.7;23.9
"2023-02-14";"21:26";636;105;28.6;23.9
"2023-02-14";"21:16";635;105;28.7;23.9
"2023-02-14";"21:07";641;103;28.6;23.9
"2023-02-14";"20:57";645;102;28.6;23.9
"2023-02-14";"20:47";640;100;28.6;23.9
"2023-02-14";"20:37";640;100;28.6;23.9
"2023-02-14";"20:27";635;98;28.6;23.9
"2023-02-14";"20:17";642;98;28.6;23.9
"2023-02-14";"20:08";640;96;28.6;24
"2023-02-14";"19:58";641;94;28.6;23.9
"2023-02-14";"19:48";629;93;28.6;23.9
"2023-02-14";"19:38";632;92;28.6;24
"2023-02-14";"19:28";641;91;28.6;24
"2023-02-14";"19:18";636;89;28.6;24
"2023-02-14";"19:09";630;88;28.5;24
"2023-02-14";"18:59";628;85;28.5;24
"2023-02-14";"18:49";627;84;28.4;24
"2023-02-14";"18:39";615;82;28.4;24.1
"2023-02-14";"18:29";620;80;28.4;24.1
"2023-02-14";"18:19";611;78;28.4;24.1
"2023-02-14";"18:10";611;76;28.2;24.1
"2023-02-14";"18:00";616;74;28.1;24.2
"2023-02-14";"17:50";614;72;28.1;24.2
"2023-02-14";"17:40";606;69;28.1;24.2
"2023-02-14";"17:30";600;66;28.1;24.2
"2023-02-14";"17:20";593;64;28;24.2
"2023-02-14";"17:11";589;62;27.9;24.2
"2023-02-14";"17:01";587;60;27.9;24.3
"2023-02-14";"16:51";584;57;27.8;24.4
"2023-02-14";"16:41";587;54;27.7;24.5
"2023-02-14";"16:31";577;52;27.6;24.5
"2023-02-14";"16:21";578;48;27.5;24.5
"2023-02-14";"16:12";570;45;27.3;24.6
"2023-02-14";"16:02";561;40;27.1;24.6
"2023-02-14";"15:52";567;36;26.9;24.6
"2023-02-14";"15:42";561;30;26.7;24.6
"2023-02-14";"15:32";554;24;26.5;24.5
"2023-02-14";"15:22";544;18;26.3;24.3
"2023-02-14";"15:13";505;11;26.1;24
"2023-02-14";"15:03";470;4;25.5;23.4
"2023-02-14";"15:03";478;4;25.1;23.4
"2023-02-14";"14:57";498;5;24.9;23.6
"2023-02-14";"14:53";503;4;25.1;23.6
"2023-02-14";"14:52";510;4;25.1;23.6
"2023-02-14";"14:52";517;4;25;23.7
"2023-02-14";"14:43";542;2;25.5;23.6
"2023-02-14";"14:42";555;2;25.5;23.6
"2023-02-14";"14:42";555;2;25.5;23.6
"2023-02-14";"14:40";600;2;25.3;23.8
"2023-02-14";"14:40";600;2;25;23.8
"2023-02-14";"14:33";819;16;26.6;24.5
"2023-02-14";"14:23";1361;121;31;24.8
"2023-02-14";"14:14";1327;116;31.7;24.9
"2023-02-14";"14:04";1297;108;31.6;24.8
"2023-02-14";"13:54";1257;104;31.6;24.8
"2023-02-14";"13:44";1202;94;31.4;24.8
"2023-02-14";"13:34";1161;84;30.9;24.9
"2023-02-14";"13:23";1121;77;30.7;24.9
"2023-02-14";"13:15";1085;65;30.6;24.9
"2023-02-14";"13:05";1049;56;30.4;24.8
"2023-02-14";"12:55";970;45;30.1;24.8
"2023-02-14";"12:45";903;33;29.6;24.7
"2023-02-14";"12:35";816;15;28.8;24.5
"2023-02-14";"12:24";827;11;27.6;24.5
"2023-02-14";"12:16";933;16;28.1;24.5
"2023-02-14";"12:06";978;34;29.1;24.6
"2023-02-14";"11:56";1311;154;32.4;24.8
"2023-02-14";"11:46";1267;153;31.9;24.9
"2023-02-14";"11:35";1196;139;31.3;24.8
"2023-02-14";"11:25";1130;120;30.8;24.8
"2023-02-14";"11:17";1072;102;30;24.7
"2023-02-14";"11:07";1015;102;29.5;24.7
"2023-02-14";"10:57";992;98;28.2;24.6
"2023-02-14";"10:46";906;102;27.7;24.8
"2023-02-14";"10:36";854;104;26.6;25.1
"2023-02-14";"10:32";944;93;25.1;25.3
"2023-02-14";"10:32";944;94;24.9;25.3
"2023-02-14";"10:30";978;76;25;25.6
"2023-02-14";"10:29";982;67;25;25.8
"2023-02-14";"10:27";982;47;27.2;26
"2023-02-14";"10:26";0;0;27.3;26
"2023-02-14";"10:26";0;0;27.3;26.1
"2023-02-14";"10:26";0;0;27.3;26.1
